year,rank,last year rank,institution,guardian score / 100,Satisfiend with course,Satisfied with teaching,Satisfiend with feedback,Student to Staff Ratio,Spend per student /10,Average Entry tariff,Value Added score /10,Career After 6 months,Continuation
2021,1,3,Oxford,100,,,,10.3,10,203,7.1,93,99
2021,2,2,St Andrews,98,94,93,80.8,11.2,7,211,6.3,84,97
2021,3,1,Cambridge,95.4,,,,11.2,9.9,212,5.4,93,99
2021,4,5,Durham,81.5,86.1,85.3,71.8,14.7,5.9,188,7,89,98
2021,5,19,London School of Economics,81,80.6,81.6,69.4,11.9,8.9,170,6.9,93,97
2021,6,6,Bath,80.1,87.7,86.3,67,14.9,6.3,174,7.1,91,97
2021,7,4,Loughborough,79.3,89.6,86.9,73.9,13.4,5.7,153,6.3,85,96
2021,8,9,Warwick,77.1,86.2,85,71.6,13.8,7.3,172,6.3,88,96
2021,9,7,Imperial College,74.4,81.6,83.6,60.7,11.1,8.8,190,5.6,96,95
2021,10,7,Lancaster,73.1,86.9,85,70.1,12.5,8.1,150,5.2,84,96
2021,11,23,Bristol,72,83.5,85.7,67.3,13.3,6.8,169,6.5,86,97
2021,12,14,Glasgow,71,86.4,86.7,66.7,13.4,5.9,204,5.4,85,94
2021,13,25,Edinburgh,70.9,77.9,82.9,60.1,11.9,8.6,187,6.7,84,97
2021,14,22,UCL,70.1,81.2,82,64.7,10.4,7.4,175,6.2,89,96
2021,15,51,Strathclyde,70,86.3,86,66.5,19.5,6.4,197,6.1,86,93
2021,16,20,York,69.9,87.1,87.1,73.9,14.4,4.8,151,5,84,96
2021,16,10,Exeter,69.9,86.6,85.7,70.6,15.6,3.7,164,6.1,85,97
2021,18,11,Leeds,69.7,84.1,85.3,69.5,13.7,6.7,162,6.8,85,95
2021,19,29,Dundee,68.4,88.9,87.5,72.2,14.3,5.9,175,4.9,88,94
2021,20,34,Aberdeen,68.1,87.1,86.1,69.5,16.2,4.4,183,6.6,82,95
2021,21,28,UWE Bristol,67.3,88.5,87.3,76.6,15.4,4.9,121,6.2,80,91
2021,21,16,Birmingham,67.3,84.2,85,66.7,14.1,6.8,159,6.3,87,97
2021,23,24,Southampton,67.1,84.8,84.8,71,13.3,5.9,153,7,84,94
2021,24,31,Swansea,66.9,88.8,85.6,73.2,15,6.2,128,5.8,84,94
2021,25,40,Manchester,66.6,82.4,82.8,67.9,13.1,8.3,165,5.7,85,96
2021,26,15,Coventry,66.3,83.2,85.9,73.5,13.9,6.6,122,6.9,82,91
2021,27,47,Northumbria,65.7,82.4,82.3,74.2,15.5,3.6,143,7.3,78,92
2021,28,45,Stirling,65.6,84.5,85.3,75.5,16.2,3.8,165,4.9,81,91
2021,29,73,Chichester,65.2,84.7,87.4,76.4,14.4,4.1,123,5.5,74,94
2021,30,36,Aston,64.7,84,83.5,70,16.1,5.9,128,6.4,83,96
2021,31,45,Sheffield,64.2,86.5,85.7,70.8,14.7,5.3,152,5.7,84,96
2021,32,42,Royal Holloway,63.9,87.7,86.3,72.1,14.7,5.5,134,4.9,79,95
2021,33,13,University for the Creative Arts,63.8,81.6,83.8,79,13.7,7.7,136,5,63,90
2021,34,57,West London,63.6,87.3,88.6,79.5,15.2,6,122,6.2,72,88
2021,35,61,Heriot-Watt,63.2,85,83.3,66.8,17.8,8.1,168,6.2,83,92
2021,35,32,Keele,63.2,87.2,86.3,73.4,14.3,4.4,123,5.7,81,95
2021,37,38,Cardiff,63.1,83.1,83.1,68.7,14.3,7.1,154,5.2,85,95
2021,38,18,Nottingham,63,83.2,84.1,67.2,14.5,6.6,150,6,87,96
2021,38,30,UEA,63,85.7,85.1,70.7,13.5,4.2,139,6.1,82,93
2021,40,48,Kingston,62.8,81.6,81.9,73.5,16.8,6.5,117,6.9,75,92
2021,41,12,Nottingham Trent,62.7,87.2,84.4,78.7,14.8,4.9,125,3.6,75,92
2021,42,63,King's College London,62.5,78.9,81.9,62.8,11.9,6.8,164,6.2,90,95
2021,43,76,Robert Gordon,62.3,89.3,86.9,76.8,18.7,3.3,156,4.9,81,92
2021,43,33,Oxford Brookes,62.3,81.7,80.8,68.8,14.7,5.7,122,6.9,81,95
2021,45,39,University of the Arts London,61.9,70.9,76.1,75.1,13.7,10,136,6.2,65,91
2021,46,53,"Queen's, Belfast",61.6,82.1,84,66.4,14.6,5.3,152,7,87,95
2021,47,55,Sheffield Hallam,61.3,84.6,85.9,74.7,16.8,5.6,116,6.1,80,92
2021,48,87,Abertay Dundee,61.2,88.1,88.7,80.8,21.2,2.1,142,7,71,89
2021,49,54,Aberystwyth,61.1,90.6,90.4,84.3,16.8,4.8,123,4.8,71,92
2021,50,86,Bolton,61,83.6,88.1,78.9,14.4,6.8,114,2.8,69,87
2021,51,35,Newcastle,60.8,83.7,83.5,65.6,14.2,6,150,5.1,84,96
2021,52,17,Lincoln,60.7,86.5,85.1,71.8,15.3,3.8,120,5,77,95
2021,53,60,Plymouth,60.6,85,86.3,76,16.2,5.1,127,5.6,80,93
2021,54,26,Surrey,60.4,81.1,81.5,64.3,15.8,5.6,147,5.4,87,95
2021,55,37,Staffordshire,60.3,84.2,86.6,79.4,17.5,5.9,120,4.7,71,89
2021,56,26,Derby,59.4,84,86.6,76.6,14.6,6.1,117,4.1,72,90
2021,56,73,Bournemouth,59.4,79.5,81.8,70.8,17.6,4.2,115,6.7,81,93
2021,56,57,Trinity Saint David,59.4,83.6,86.5,80.8,16.3,5.3,118,5.8,62,86
2021,59,41,Sussex,59.3,82.8,82.5,67.1,17.4,6.5,142,4.6,80,95
2021,59,50,Liverpool,59.3,84.9,84.5,72.1,14.4,7.4,143,5.4,83,96
2021,61,59,Ulster,59,84.4,83.3,73.3,18.1,4,129,6.5,79,91
2021,62,68,Reading,58.9,83.6,83.1,68.7,15.8,5,127,6.3,81,95
2021,62,105,Edinburgh Napier,58.9,82.5,82.7,72.3,18.2,4.4,152,7.3,78,90
2021,64,43,Huddersfield,58.5,80.5,81.5,75.1,15.5,4.4,128,6.1,75,91
2021,65,84,Queen Margaret,58.4,82.2,84.9,73.5,19.5,2.2,144,6.4,74,90
2021,66,21,Portsmouth,58.3,86,84.4,73.9,16.1,5.9,113,5.5,76,92
2021,66,98,South Wales,58.3,82.5,84.5,76.9,14.4,4.6,120,4.9,73,91
2021,68,83,Queen Mary,58.2,80.5,80.7,63.2,13,4.9,152,6.4,83,93
2021,68,70,Teesside,58.2,82.6,85.6,78.1,18.2,5.2,118,6.1,82,89
2021,70,79,Manchester Met,57.2,83.8,82.8,75,15,4.7,131,4.1,71,92
2021,70,63,Liverpool John Moores,57.2,84,82.6,74,16.8,3.9,145,4.7,73,91
2021,72,113,Cardiff Met,57.1,84.4,83.3,73.7,18.1,4.4,128,5.5,78,89
2021,72,95,Hull,57.1,83.5,84.7,74.3,15.1,5.2,125,5.3,78,91
2021,74,73,Solent,57,83,84.5,76.2,15.8,3.4,121,4.9,70,90
2021,75,48,Edge Hill,56.8,79.7,81.6,73.7,14,3.5,130,4.6,75,92
2021,75,78,Bangor,56.8,86.6,85.5,77.3,15.7,3.1,123,4.1,77,92
2021,77,80,Glasgow Caledonian,56.6,83.7,84.3,72.9,21.4,2.6,158,7.3,77,91
2021,77,84,Leicester,56.6,83.3,82.5,68.2,13.7,6.1,132,5.2,81,95
2021,79,72,Central Lancashire,56.5,79.9,81.8,75,13.3,5.5,127,5.3,76,90
2021,80,99,Anglia Ruskin,56.4,82.6,85.1,76.1,17.7,6.3,110,6.6,77,88
2021,81,82,Chester,56.3,85.7,84.8,76.8,15.1,4.5,115,5.2,72,90
2021,82,65,Kent,56.2,84,83.6,69.1,17,4.5,131,5,76,95
2021,83,81,Birmingham City,56,81.4,83.3,75.5,16.6,6.4,123,5.4,75,90
2021,84,43,Liverpool Hope,55.5,84.1,84.9,78.4,15,2,114,4.5,67,89
2021,85,66,Essex,55.1,84.7,83.5,71.3,16.7,6.6,107,5.6,78,91
2021,86,56,SOAS,54.5,78.4,83.2,67.5,11.6,8.9,158,4.9,71,87
2021,87,88,Worcester,53.8,87.2,87.7,78.7,17.8,3.9,116,4.7,76,90
2021,88,67,Gloucestershire,53.4,81.9,83.8,74.6,17.7,5,116,5.8,69,90
2021,88,52,Falmouth,53.4,77.7,81.4,73.9,17.3,3.6,126,5.2,67,91
2021,90,93,Northampton,53.1,80.3,82.2,73.9,16.2,8.5,100,5.1,74,88
2021,91,107,York St John,52.8,85.6,86.2,80.2,18,3.1,103,4.7,71,93
2021,92,120,Bucks New University,52.4,75,79.5,71.3,16.5,7.6,110,5.1,74,89
2021,93,68,London South Bank,52.3,81.6,81.9,72.8,16.3,5.5,103,5.2,75,88
2021,94,96,Winchester,51.7,82.6,85,74.2,16.5,2.9,110,5,71,92
2021,95,90,Greenwich,51.3,80.5,80.7,73.3,17.8,3.7,122,6.2,77,90
2021,95,97,City,51.3,77.2,77.6,66.3,17.3,7.5,136,5.6,81,90
2021,97,119,Suffolk,51,79,84,73.5,16.7,5.8,105,5.1,80,86
2021,98,116,Cumbria,50.6,79.2,82.4,73.5,15.7,4.5,120,3.9,78,91
2021,99,71,Bradford,50.5,77.1,79.3,67.6,18,3.1,124,6.6,79,91
2021,100,89,Sunderland,50.2,82.2,83.5,72.6,15.5,6.6,112,4.5,72,88
2021,101,77,"St Mary's, Twickenham",49.8,83.9,85.2,72.4,18,2.6,110,6,74,89
2021,102,114,Brighton,49.3,78.2,82.2,70.1,17.5,3.9,114,4.8,80,90
2021,103,92,Hertfordshire,49,82.8,82.8,71.5,14.8,4.1,107,3.9,75,91
2021,103,91,Salford,49,79.3,80.4,74.7,16.5,3.3,127,4.5,78,89
2021,105,99,Goldsmiths,48.7,73.7,79.4,66.4,14.9,4.6,127,5.2,69,88
2021,106,118,Leeds Beckett,48.2,84.8,84.2,74.6,19.2,4.1,107,5.2,73,86
2021,107,112,Glyndwr,47.1,77.1,84.1,75.2,19.4,2,112,5,73,88
2021,108,110,Newman,46.9,86.9,86.9,76.6,17.1,3.7,110,3.7,68,88
2021,109,107,Bath Spa,46.7,77.2,80.1,71.1,17.2,4.2,111,6.5,68,92
2021,110,99,Brunel,46.2,78.7,77.7,64.2,17.7,4.2,119,5,79,93
2021,111,109,Middlesex,45.3,76.7,77.5,69.9,17,4.8,115,4.5,68,89
2021,112,104,East London,45.2,79.2,82,71.9,19.7,2.4,109,6,66,89
2021,112,115,Wolverhampton,45.2,81.7,84.3,74.6,17.2,5.5,107,4.5,70,86
2021,114,117,Canterbury Christ Church,45.1,79.9,84.1,72.6,15.6,3.4,105,4.2,75,87
2021,115,94,Leeds Trinity,44.6,78,79,73,21,3.6,104,7,71,87
2021,116,103,Roehampton,43.2,80,80.7,71.8,14.8,5.8,102,3.5,67,89
2021,117,102,Westminster,42.3,78.7,79.2,68.5,20.9,4.4,119,3.8,69,92
2021,118,111,London Met,41.5,79.3,82.1,74.5,17.8,6,96,4.3,66,80
2021,119,61,De Montfort,40.6,81.1,80,71.1,19.6,3.2,110,5,76,90
2021,120,106,West of Scotland,40,84.5,85.7,74.2,22.6,3.3,129,5.1,74,88
2021,121,121,Bedfordshire,30.1,76.2,82.3,71.3,19.7,4.9,101,3.9,74,79
2020,1,1,Cambridge,100,,,,11.2,9.8,224,6,86,99
2020,2,3,St Andrews,97.9,93,93,80,11.7,6.1,208,6.6,80,98
2020,3,2,Oxford,97.6,,,,10.4,10,215,6.8,81,99
2020,4,4,Loughborough,83.4,88,88,75,13.4,5.9,162,6.2,85,96
2020,5,5,Durham,81.6,85,85,72,15,5.3,195,7,85,97
2020,6,6,Bath,80,86,87,69,15.6,6.2,182,6.8,87,97
2020,7,7,Imperial College,79.3,82,84,64,11.4,8.6,206,5.9,91,96
2020,7,9,Lancaster,79.3,89,87,74,12.6,8,157,4.7,89,94
2020,9,8,Warwick,73.9,86,86,70,13,7.7,180,5.5,81,95
2020,10,14,Exeter,73.2,87,89,74,15.9,3.5,172,6.4,85,97
2020,11,10,Leeds,71.8,88,90,73,13.4,7,166,7,81,95
2020,12,16,Nottingham Trent,71.2,88,87,80,14.5,4.6,136,5.2,81,90
2020,13,,Uni for the Creative Arts,71.1,83,85,81,12.9,7.7,144,5.1,73,87
2020,14,24,Glasgow,70.9,87,90,69,13.7,5.5,200,5.8,85,93
2020,15,13,Coventry,70.6,87,89,74,14.6,6.2,125,6.9,81,92
2020,16,19,Birmingham,69.8,86,88,69,13.9,7.4,165,6.7,85,96
2020,17,22,Lincoln,69.2,89,88,75,14.7,3.9,128,5.3,81,93
2020,18,17,Nottingham,67.8,84,87,70,14.5,6.2,161,6.2,85,96
2020,19,15,London School of Economics,66.6,69,75,57,11.1,8.6,190,6.1,83,97
2020,20,12,York,66.5,85,88,75,14.6,5.5,158,4.7,82,95
2020,21,25,Portsmouth,66.1,88,87,74,15.4,6.2,115,5.5,85,91
2020,22,11,UCL,66,79,82,63,10.5,7.4,187,6.5,83,96
2020,23,20,Bristol,65.9,82,86,66,13.5,6.7,177,6.3,80,97
2020,24,23,Southampton,64.9,83,86,72,13.5,5.4,160,6.7,82,94
2020,25,28,Edinburgh,64.8,77,85,61,11.9,8.5,190,6.7,77,96
2020,26,29,Derby,64.4,88,90,79,14.5,5.9,123,4.1,76,90
2020,26,21,Surrey,64.4,84,85,69,16.1,5.4,156,6.3,80,94
2020,28,37,UWE Bristol,63.9,90,89,77,15.3,5.2,126,6.9,76,91
2020,29,29,Dundee,63.6,88,90,73,13.9,6.1,172,5.8,82,92
2020,30,18,UEA,63.1,87,87,70,13.6,4.1,147,6.8,78,94
2020,31,31,Swansea,62.9,89,87,73,15.4,5.5,132,5.7,86,94
2020,32,36,Keele,62.8,89,89,76,14,4.6,127,5.3,82,94
2020,33,41,Oxford Brookes,62.7,86,87,72,15.1,5.7,131,6.3,76,94
2020,34,51,Aberdeen,62.5,86,87,71,16.1,4.3,184,6.8,81,92
2020,35,27,Newcastle,62.4,87,86,70,14.2,6,159,4.7,85,96
2020,36,43,Aston,62.3,84,86,71,17.4,5.8,133,7.5,78,96
2020,37,44,Staffordshire,61.8,86,88,81,15.4,6.6,120,4.8,81,86
2020,38,58,Cardiff,61.4,84,85,71,14.1,7.5,159,5.7,81,95
2020,39,75,Uni of the Arts London,61.2,72,77,74,14.8,10,137,6.5,72,89
2020,40,34,Manchester,61,83,83,68,13.3,8.2,167,5.3,79,95
2020,41,26,Sussex,60.3,83,84,67,15.8,6.7,148,4,81,95
2020,42,38,Royal Holloway,59,86,87,71,14.7,5.5,140,5.1,73,95
2020,43,33,Liverpool Hope,58.8,88,88,82,14.5,2.6,117,3,84,88
2020,43,41,Huddersfield,58.8,85,83,76,17.5,4.3,131,6.1,80,90
2020,45,40,Stirling,58.5,85,89,72,16.4,3.9,163,5.1,79,91
2020,45,39,Sheffield,58.5,86,86,69,15.2,4.8,157,5.2,84,96
2020,47,47,Northumbria,57.6,85,84,72,16.3,3.9,145,6.5,76,91
2020,48,55,Edge Hill,57.4,84,85,76,14.1,3.4,134,5.4,77,91
2020,48,58,Kingston,57.4,81,81,73,16.6,7.1,124,6.3,63,91
2020,50,57,Liverpool,56.9,85,85,73,14.3,6.3,147,6,85,96
2020,51,53,Strathclyde,56.4,84,86,64,19.5,5.1,200,5.9,79,92
2020,52,62,Falmouth,55.7,80,85,76,18.3,5.8,131,5.4,76,91
2020,53,52,"Queen's, Belfast",55.1,83,87,69,15.9,5.4,152,6.1,82,95
2020,54,45,Aberystwyth,55,90,91,83,16.9,4.2,119,4,78,91
2020,55,70,Sheffield Hallam,54.7,87,87,74,17.2,5.4,119,6.3,73,91
2020,56,58,Soas,54.3,78,82,67,11.3,7,156,4.6,71,87
2020,57,50,West London,54.1,80,83,72,14.8,6.3,123,6.2,74,86
2020,57,86,Trinity Saint David,54.1,86,89,80,15.2,3.8,109,5.8,67,84
2020,59,93,Ulster,53.9,86,85,75,17.4,3.6,128,6.1,72,92
2020,60,66,Plymouth,53.6,86,88,76,16.2,4.9,131,5.4,72,93
2020,61,66,Heriot-Watt,53.3,82,82,66,17.8,7.6,163,6,79,91
2020,61,71,De Montfort,53.3,86,85,76,19.9,3.4,111,6.2,84,90
2020,63,58,King's College London,53.1,79,84,63,12.4,6.7,169,6.2,83,94
2020,63,49,Liverpool John Moores,53.1,83,83,74,16.9,4.1,143,5.1,75,90
2020,65,35,Kent,52.7,85,85,69,18,4.6,135,5.3,79,94
2020,66,31,Essex,52.6,87,86,73,15.9,6.1,111,5.5,74,90
2020,67,55,Gloucestershire,52.5,86,86,76,18.7,5.3,123,5.6,73,91
2020,68,78,London South Bank,52.2,80,82,70,15.6,5.4,112,5.6,88,87
2020,68,45,Reading,52.2,83,85,68,15.8,6.2,132,6,76,95
2020,70,68,Teesside,51.9,84,86,75,18,5.5,118,5.6,81,89
2020,71,72,Bradford,51.7,78,79,67,17.2,3.7,133,6.8,83,90
2020,72,76,Central Lancashire,51.5,80,82,74,14.2,5.1,133,5.2,77,89
2020,73,53,Chichester,51.3,82,87,69,14.4,3.2,123,5.1,64,91
2020,73,80,Solent,51.3,84,85,74,15.6,3.6,119,5.2,70,88
2020,73,65,Bournemouth,51.3,81,84,70,17,4.8,122,7.1,68,91
2020,76,79,Robert Gordon,50.6,85,84,72,20.4,3.1,157,4.6,82,92
2020,77,80,"St Mary's, Twickenham",49.8,88,89,75,16,2.5,119,6.1,72,88
2020,78,47,Bangor,49.4,88,90,77,17,3,131,4.2,68,93
2020,79,73,Manchester Met,49.3,82,84,74,15.5,4.5,133,4.3,70,90
2020,80,96,Glasgow Caledonian,49.1,82,84,72,20.2,2.6,167,7,74,90
2020,81,96,Birmingham City,48.3,85,86,77,17.9,6.3,123,5.1,78,88
2020,82,94,Chester,48.2,86,87,76,15.5,4.3,114,5,70,89
2020,83,83,Queen Mary,47.9,80,81,64,13.1,5.8,144,6,78,93
2020,84,62,Leicester,47.4,82,83,69,14,6.2,133,5.1,76,93
2020,84,84,Queen Margaret,47.4,83,85,69,18.6,2.4,151,6.3,73,88
2020,86,86,Bolton,46.9,82,87,79,14.2,6.1,114,3.4,58,85
2020,87,68,Abertay Dundee,46.8,78,82,75,19.6,2.4,142,5.6,74,87
2020,88,91,Worcester,46.6,87,89,77,17.2,3.6,120,5.2,75,90
2020,89,74,Sunderland,46.5,84,86,75,15.8,6.4,114,4.3,67,87
2020,90,100,Greenwich,46.1,80,81,73,17.4,4.4,136,6.8,69,88
2020,91,88,Salford,45.6,84,86,76,16.2,3.1,130,5,73,87
2020,92,90,Hertfordshire,45.5,84,85,72,16,4.3,115,3.7,80,90
2020,93,111,Northampton,44.7,82,85,76,16.8,7.6,103,6,67,87
2020,94,85,Leeds Trinity,44.4,86,87,78,19.9,3.6,109,6.8,68,88
2020,95,106,Hull,43.2,84,85,71,16.2,4.8,126,4.5,76,90
2020,96,92,Winchester,42.9,84,89,72,16.4,2.9,112,5.7,63,91
2020,97,95,City,42.8,82,83,70,17.8,7.1,142,4.4,74,89
2020,98,110,South Wales,42.5,82,85,77,14.9,3.8,125,4.4,62,89
2020,99,103,Anglia Ruskin,41.9,83,86,77,18.5,6,110,5.8,67,85
2020,99,77,Goldsmiths,41.9,77,84,68,15.1,4.9,131,5.8,58,88
2020,99,62,Brunel,41.9,79,79,64,18,5.1,125,5.3,71,93
2020,102,80,Westminster,41.2,75,78,65,19.3,4.5,127,5.4,70,91
2020,103,109,Roehampton,40.4,80,82,71,14.2,7.2,111,4,74,88
2020,104,88,East London,39.6,85,86,75,18.9,3.4,111,5.2,65,89
2020,105,105,Edinburgh Napier,39.3,74,79,66,17.9,4,148,6.5,74,89
2020,106,114,West of Scotland,38.1,85,87,76,22.4,3.9,139,5.2,81,87
2020,107,119,York St John,37.5,85,86,75,18,2.9,114,3.7,74,90
2020,107,103,Bath Spa,37.5,80,84,72,18.7,5.1,118,6.2,67,91
2020,109,112,Middlesex,36.8,77,77,68,16.7,6.2,123,4,73,85
2020,110,101,Newman,36.3,84,87,71,14.5,4.5,118,2.9,65,87
2020,111,117,London Met,35.1,78,83,73,17.8,4.1,101,4.4,71,80
2020,112,96,Glyndwr,34.2,75,83,74,21.2,2.2,114,4.9,64,86
2020,113,99,Cardiff Met,34.1,82,82,70,18.8,4.7,109,5.2,66,87
2020,114,107,Brighton,34,77,82,70,18.5,3.4,117,5.7,67,89
2020,115,116,Wolverhampton,33.8,83,84,73,18,5,111,4.5,69,85
2020,116,118,Cumbria,33.1,74,80,70,16.8,3.7,126,4.4,74,89
2020,117,108,Canterbury Christ Church,32.5,81,85,73,14.8,4.1,110,4.1,64,86
2020,118,120,Leeds Beckett,31.7,85,85,73,19.3,3.7,112,5,63,85
2020,119,102,Suffolk,31.4,79,81,73,18.8,5.9,117,4.7,65,83
2020,120,121,Bucks New Uni,28.2,72,79,70,15.8,7,116,3.7,69,86
2020,121,113,Bedfordshire,27.9,82,84,73,17,5.5,101,4.2,70,81
2019,1,1,Cambridge,100,89,91,70,11,9.7,225,5.8,88,
2019,2,2,Oxford,97.4,90,92,68,10.5,9.9,217,6.6,85,
2019,3,3,St Andrews,97.2,93,94,82,11.6,5.2,206,7.1,82,
2019,4,6,Loughborough,87.9,90,89,75,13.8,6.3,162,6.1,82,
2019,5,4,Durham,87.6,89,89,76,14.9,5.1,198,6.7,84,
2019,6,5,Bath,84.1,88,88,72,15.8,6.3,186,6.6,85,
2019,7,6,Imperial College,83.3,83,85,65,11.4,8.6,219,5.7,90,
2019,8,8,Warwick,80.9,88,87,71,12.8,7.8,182,5.8,80,
2019,9,9,Lancaster,80.2,90,88,75,12.7,7.7,157,4.2,85,
2019,10,14,Leeds,78.8,89,90,74,13.2,7.3,168,6.6,82,
2019,11,10,UCL,78,81,84,63,10.3,8.8,191,6.9,81,
2019,12,17,York,77.9,88,90,76,14.6,5.9,159,4.8,82,
2019,13,12,Coventry,77.8,88,90,78,14.6,5.9,126,6.9,81,
2019,14,13,Exeter,77.2,89,89,75,16.5,3.7,176,5.8,84,
2019,15,15,London School of Economics,76.8,73,78,60,11.9,7.9,203,5.7,86,
2019,16,34,Nottingham Trent,76.6,89,87,80,14.8,4.8,143,5.1,76,
2019,17,19,Nottingham,76,87,88,72,13.9,6.3,163,7,83,
2019,18,18,UEA,75.7,90,89,72,13.4,4.4,153,7.5,79,
2019,19,15,Birmingham,75.6,88,89,72,14.8,7.2,166,6.4,86,
2019,20,27,Bristol,75,86,90,68,13.6,6.5,184,6,80,
2019,21,10,Surrey,74.7,88,88,74,15.7,5.8,163,7,77,
2019,22,47,Lincoln,73.1,88,87,76,14.9,4.5,129,4.9,76,
2019,23,35,Southampton,72.7,84,86,71,12.9,5.6,158,6.2,80,
2019,24,23,Glasgow,72.1,88,89,67,14.9,6,200,5.6,84,
2019,25,37,Portsmouth,72,88,88,75,15.4,5.9,119,6,80,
2019,26,20,Sussex,71.9,88,87,69,16.4,7,144,4.5,80,
2019,27,30,Newcastle,71.1,88,88,73,13.8,5.9,161,5.1,80,
2019,28,30,Edinburgh,70.3,80,85,61,12.6,8.7,181,6,75,
2019,29,54,Derby,70.1,85,88,77,15.1,6.2,119,4.9,74,
2019,29,24,Dundee,70.1,89,91,75,14.5,6.3,173,5.3,85,
2019,31,45,Swansea,69.9,89,87,74,15.4,4.7,138,5.9,82,
2019,31,48,Essex,69.9,88,87,72,16.3,6.1,116,6.8,80,
2019,33,56,Liverpool Hope,69.6,90,91,84,14.5,2.5,116,3.1,80,
2019,34,28,Manchester,69,83,83,67,13.4,8,167,5.4,82,
2019,35,22,Kent,68.7,88,87,71,18.4,4.7,137,5.3,83,
2019,36,36,Keele,68.4,90,90,77,14.2,4.4,128,4,80,
2019,37,52,UWE Bristol,68.2,87,88,74,18.4,5.1,127,6.6,77,
2019,38,40,Royal Holloway,68.1,87,87,73,15.2,5.7,142,4.9,70,
2019,39,40,Sheffield,67.9,87,87,70,14.7,4.7,156,5.1,82,
2019,40,54,Stirling,67.5,87,88,72,15.5,3.6,158,5,75,
2019,41,50,Oxford Brookes,67.3,85,86,72,16.1,5.2,128,6.2,72,
2019,41,60,Huddersfield,67.3,86,85,79,17,4.2,128,6.4,78,
2019,43,51,Aston,66.9,88,88,75,20.1,5.4,137,6.3,79,
2019,44,67,Staffordshire,66.7,85,87,78,14.5,6.4,115,4.4,80,
2019,45,81,Aberystwyth,66.6,91,91,81,16.6,4.5,120,3.4,74,
2019,46,29,Reading,66.5,85,85,71,15,5.9,138,5.7,76,
2019,47,63,Bangor,66.2,90,89,78,16.7,3.4,134,4,69,
2019,48,48,Northumbria,66.1,85,85,73,16.7,3.9,144,6.6,72,
2019,49,80,Liverpool John Moores,66,85,84,75,17.3,4.5,141,6.1,73,
2019,50,58,West London,65.9,84,87,78,15.6,4.6,120,6.4,70,
2019,51,46,Aberdeen,64.9,87,88,68,15.4,4.5,181,6.2,78,
2019,52,38,"Queen's, Belfast",64.8,88,89,74,15.8,5.1,153,5.9,80,
2019,53,52,Strathclyde,64.6,87,88,66,19.8,5.2,201,5.5,80,
2019,54,72,Chichester,64.5,86,89,74,15.1,3.2,123,4.7,65,
2019,55,64,Gloucestershire,64.2,85,87,75,19,5.6,123,5.9,69,
2019,55,56,Edge Hill,64.2,84,86,77,15.2,3.9,130,5.1,71,
2019,57,67,Liverpool,63.6,87,85,74,13.5,6.3,146,6.1,78,
2019,58,39,King's College London,63,81,87,62,12.5,6.2,169,6.2,83,
2019,58,72,Brunel,63,83,82,71,16.4,5,131,6,73,
2019,58,42,Cardiff,63,85,86,70,13.5,7,155,4.8,76,
2019,58,25,Soas,63,86,88,69,12.3,6.1,148,5.1,70,
2019,58,81,Kingston,63,79,79,70,16,6.4,125,5.8,62,
2019,63,32,Falmouth,62.9,83,86,77,18.4,4.8,120,4.6,71,
2019,63,43,Leicester,62.9,86,86,70,13.7,6.5,136,5.9,76,
2019,65,61,Bournemouth,62.7,81,83,69,17,5.3,123,7.4,70,
2019,66,26,Heriot-Watt,62.5,85,85,69,16.7,7.9,167,5.4,77,
2019,66,78,Plymouth,62.5,85,87,73,15.9,5.3,129,6.1,70,
2019,68,66,Abertay Dundee,62.4,85,86,75,18.5,2.3,155,5.8,66,
2019,68,79,Teesside,62.4,83,85,76,17.2,5.5,119,5.1,79,
2019,70,85,Sheffield Hallam,62.3,84,85,72,16.9,5.2,124,6.4,69,
2019,71,94,De Montfort,62.2,85,84,75,19.4,3.7,113,5.1,81,
2019,72,75,Bradford,61.7,81,82,69,16.8,4.1,130,6.1,81,
2019,73,76,Manchester Met,61,84,83,74,15.3,3.6,133,4.1,69,
2019,74,71,Sunderland,60.9,83,86,73,15.6,5.7,119,5,69,
2019,75,59,Uni of the Arts London,60.4,72,77,74,14.4,9.9,136,5.6,56,
2019,76,64,Goldsmiths,59.8,82,87,68,14.7,4.4,130,6.9,55,
2019,76,67,Central Lancashire,59.8,82,84,72,16.4,5,129,5.7,70,
2019,78,62,Robert Gordon,59.5,85,84,71,20.6,3.3,157,4.7,78,
2019,78,92,London South Bank,59.5,82,84,71,16.5,4.2,107,5.4,82,
2019,80,105,"St Mary's, Twickenham",59.4,85,86,70,15.7,4,119,5.6,71,
2019,81,108,Westminster,59.3,79,79,68,17,4.8,123,6.4,68,
2019,81,103,Solent,59.3,82,83,72,15.7,3.5,116,5.6,65,
2019,83,44,Queen Mary,59.1,83,84,67,13.1,6.4,148,4.6,73,
2019,84,100,Queen Margaret,58.9,81,84,68,18.5,2.6,149,6.2,77,
2019,85,86,Bolton,58.7,83,84,76,14.7,4.7,112,3.8,65,
2019,85,112,Trinity Saint David,58.7,83,86,78,15,3,112,5,54,
2019,85,111,Leeds Trinity,58.7,84,86,76,19.5,3.7,100,7,68,
2019,88,107,East London,58.2,83,85,74,17,4.1,111,5.3,61,
2019,88,99,Salford,58.2,83,84,76,15,3.4,128,4.8,70,
2019,90,102,Hertfordshire,58,82,84,70,17.9,4.1,119,4.4,79,
2019,91,88,Worcester,57.6,84,86,74,16.7,3.5,119,5.1,67,
2019,92,90,Winchester,57.4,86,87,72,16.3,2.6,112,6.2,63,
2019,93,96,Ulster,57.2,85,84,74,17.1,3.1,127,5.5,68,
2019,94,77,Chester,57.1,85,87,75,15.3,4.4,114,4.2,70,
2019,95,32,City,56.7,83,83,70,17.9,7.1,142,4.7,68,
2019,96,89,Glasgow Caledonian,56.1,81,82,66,19.2,3.5,163,5,70,
2019,97,121,Glyndwr,56,81,85,75,19.2,1.8,104,4.4,64,
2019,97,101,Birmingham City,56,83,85,74,18.1,6.1,128,4.6,71,
2019,99,87,Cardiff Met,55.8,82,82,69,16.5,4.9,125,5.6,63,
2019,100,95,Greenwich,54.7,80,81,71,17.9,3.8,131,6.4,66,
2019,101,110,Newman,54.6,83,86,70,16,3.8,118,3.7,63,
2019,102,115,Suffolk,54.3,78,81,72,17.6,6,118,3.7,66,
2019,103,72,Anglia Ruskin,53.8,83,87,77,18.2,6.7,105,5.2,68,
2019,103,97,Bath Spa,53.8,82,86,75,19.9,4.8,122,5.6,64,
2019,105,83,Edinburgh Napier,53.6,81,85,70,18.8,4.3,146,5.8,66,
2019,106,84,Hull,53.5,84,85,70,18.3,4,123,4,76,
2019,107,91,Brighton,53.4,80,84,69,18.2,3.4,117,5.2,68,
2019,108,109,Canterbury Christ Church,53,82,85,73,15.2,4.5,108,5.3,64,
2019,109,116,South Wales,52.8,79,82,73,14.4,3.8,129,3.9,61,
2019,109,93,Roehampton,52.8,82,83,67,14.7,6.5,109,3.8,69,
2019,111,105,Northampton,52.3,83,83,73,18.7,5,107,6.1,63,
2019,112,70,Middlesex,52.1,80,80,72,16.6,6.8,118,4.4,58,
2019,113,98,Bedfordshire,49.4,82,83,72,17.6,5.9,95,5.7,69,
2019,114,104,West of Scotland,48.4,84,87,74,22.1,4,138,5,72,
2019,115,113,Birkbeck,47.7,84,87,68,15.8,3.9,92,2.7,72,
2019,116,,Wolverhampton,46.5,82,83,71,20,4.6,108,4.7,66,
2019,117,117,London Met,44,78,81,71,21.6,2.7,98,3.6,66,
2019,118,118,Cumbria,43.9,77,81,71,16.7,3.1,118,3.2,69,
2019,119,119,York St John,43.6,82,85,73,17.4,3.3,114,3.4,56,
2019,120,114,Leeds Beckett,43.5,82,84,71,19.4,3.7,114,4,62,
2019,121,120,Bucks New Uni,32.6,72,78,67,16,6.6,111,3.4,61,
2018,1,1,Cambridge,100,87.8,90.6,71.2,11,9.9,229.8,5.6,88.6,
2018,2,2,Oxford,98.1,88.4,91.6,69,10.3,9.9,219.9,6.7,83.7,
2018,3,3,St Andrews,94.5,94.9,95.5,83.7,11.6,5.9,204,7.1,83.2,
2018,4,6,Durham,84.2,89.7,88.8,74.9,14.5,5.3,201,6.7,83.2,
2018,5,10,Bath,81.9,88.7,87.9,70.6,15.7,6.4,182.1,6.9,85.1,
2018,6,7,Imperial College,81,84.1,85.2,65.1,11.3,8.5,221.5,5.9,89.3,
2018,6,4,Loughborough,81,89.2,89.2,73.8,14.2,6.9,157.4,5.8,84.4,
2018,8,9,Warwick,80.9,88.7,89.1,73.6,12.9,8.2,185.3,5.9,80,
2018,9,8,Lancaster,80.8,89.7,89.1,73.4,13,8.1,158.2,4.7,82.8,
2018,10,4,Surrey,78,90,90.5,77.4,15.4,6.1,166.9,6.5,82.4,
2018,10,14,UCL,78,84.2,86,66.2,10.4,8.4,193,6.7,86.1,
2018,12,15,Coventry,76.7,90.6,92.8,82.3,14.6,5.6,128.3,6.7,80,
2018,13,11,Exeter,76.2,89.8,89.8,72.9,16.4,5.1,177.6,6.2,79.9,
2018,14,16,Leeds,75.8,90.1,90.9,73.6,13.2,6.4,167.8,6.7,80.7,
2018,15,12,London School of Economics,74.5,75.4,81.1,60.9,11.4,8.1,198,5.6,83.9,
2018,15,13,Birmingham,74.5,88.2,90.5,72.6,14.1,7.3,165.6,6.7,85,
2018,17,19,York,74.3,89.1,91.1,74.3,14.5,6.3,161,4.8,77.3,
2018,18,24,UEA,74.2,91.4,90.9,72.9,13.2,4.6,154,7.4,74.8,
2018,19,25,Nottingham,72.9,89.3,89.7,72.6,13.8,6.9,161.8,6.6,82.5,
2018,20,20,Sussex,72.5,88.3,87.8,69.8,16.3,7.2,141.2,5.2,86.7,
2018,21,39,University for the Creative Arts,72.2,85,87.5,76.8,12.6,9.2,126,5.6,53.4,
2018,22,23,Kent,71.7,89.3,88.4,73.2,13.3,5,137.6,6.2,81,
2018,23,26,Glasgow,70.9,88,90.6,68.4,14.6,6.1,199.9,5.9,81.9,
2018,24,28,Dundee,70.7,88.5,91.2,75.9,13.2,5.8,163.9,6.6,81.1,
2018,25,30,SOAS,70.6,88.3,90.6,72.4,11.6,6.4,152.8,6.1,70.7,
2018,26,27,Heriot-Watt,70.1,88.7,86.1,70.5,16.6,7.6,166.9,5.6,79.5,
2018,27,38,Bristol,69.3,86.9,90.8,67.7,13.4,6.4,186.2,6.2,78.7,
2018,28,31,Manchester,68.8,83.9,86.1,68.8,13.3,7.7,167.4,4.9,81.5,
2018,29,32,Reading,68,88.6,89,73.4,14.4,6.6,138.6,6.5,74.1,
2018,30,37,Newcastle,67.1,90.3,91,74.1,14.6,5.4,161.7,5.2,82.1,
2018,30,22,Edinburgh,67.1,79.6,83.6,59.5,12.5,8.6,193.4,6.3,73,
2018,32,21,Falmouth,67,83.5,86.9,77.6,17.7,3.8,122,5.6,80.2,
2018,32,18,City,67,84.6,86.2,73.4,18,7.4,138.3,5.8,82.6,
2018,34,53,Nottingham Trent,66.9,89.7,89.7,82,15.8,4.7,135.4,5.1,73,
2018,35,16,Southampton,66.1,87.1,88.1,69.2,13.2,5.8,151.3,5.9,78.6,
2018,36,34,Keele,66,93.2,91.8,79.5,13.9,4.7,132,3.7,80.1,
2018,37,43,Portsmouth,65.9,89.4,88.9,73.6,15.4,5.9,123.4,6.5,72.1,
2018,38,48,"Queen's, Belfast",64.9,89.9,90.6,75.6,15.6,4.8,153,5.8,80.2,
2018,39,42,King's College London,64,83.8,89,66.6,12,6.2,172.3,6.1,86.6,
2018,40,41,Sheffield,63.3,89.8,89.8,71.3,14.6,5.2,160.3,5.6,81.3,
2018,40,45,Royal Holloway,63.3,88.1,89,74.8,14.8,5.5,146.6,4.5,68.3,
2018,42,33,Cardiff,63.2,87.2,87.2,69.2,12.9,7.7,149.4,5.4,71.9,
2018,43,47,Leicester,62.8,87.5,86.7,72.1,13,7.2,143.8,4.1,74.9,
2018,44,34,Queen Mary,62.6,82.7,84.7,66.1,12.5,7.2,151.9,4.9,78.4,
2018,45,39,Swansea,62.5,89.4,87,73.6,15.2,5.3,119.1,6.4,80.1,
2018,46,36,Aberdeen,62.3,86.7,88.2,68.3,14.9,4.5,168.6,6.3,78.3,
2018,47,56,Lincoln,61.9,90.6,89.9,78,15.6,4.4,129.4,4.3,71.9,
2018,48,62,Essex,61.1,89.1,87.6,76.6,16,3.9,129,5.2,73.5,
2018,48,50,Northumbria,61.1,86.9,87.8,75.5,17.1,3.4,143.7,6.8,71.3,
2018,50,57,Oxford Brookes,60.8,87,88.5,74.7,16.6,4.9,127.3,6.3,70.6,
2018,51,29,Aston,60.7,88.3,87.7,74.6,20.9,6.5,136.4,5.4,81.1,
2018,52,68,UWE Bristol,60.6,87.5,89.7,76.9,18.1,4.2,122.5,6.5,76.4,
2018,52,51,Strathclyde,60.6,89.2,89.7,67,19.7,5.2,202.4,4.9,78.6,
2018,54,58,Stirling,60.2,89.4,88.5,73.7,15.8,3.9,157.3,6.2,78.2,
2018,54,48,Derby,60.2,85.2,88.9,76.1,14.8,6.2,110.3,5.3,63.7,
2018,56,79,Liverpool Hope,59.4,88.8,91.7,85.1,15.5,2.8,112.6,2.8,78.1,
2018,56,64,Edge Hill,59.4,86.1,88.4,79.5,14.2,4,127.4,4.7,71.9,
2018,58,96,West London,59.3,76.7,82.6,72.9,15.6,5.8,118.8,6.4,68.9,
2018,59,53,University of the Arts London,59,66.2,75.3,70.7,15.9,9.8,120.5,5.5,61,
2018,60,77,Huddersfield,58.2,87.6,87.9,78.9,18.9,3.6,130.5,5.7,72.9,
2018,61,79,Bournemouth,57.9,82.1,87.1,70.2,16.5,5.6,122.4,6.9,71.3,
2018,62,44,Robert Gordon,57.7,87.4,85.7,69.5,18.1,3.8,163.8,4.5,77.6,
2018,63,55,Bangor,57.6,89.3,90.4,77.5,16.2,3.9,126.6,3.9,66,
2018,64,46,Goldsmiths,57,83.6,88.9,68.9,14.1,3.8,130.5,6.3,59,
2018,64,72,Gloucestershire,57,87.4,88.4,75.9,19.1,5.2,114.5,6.9,64,
2018,66,85,Abertay Dundee,56.8,88.8,89.3,76.5,19.9,2.3,158.5,6.7,68.5,
2018,67,69,Staffordshire,56.7,85.7,88,78.6,15.2,5.9,114.1,4.5,57.1,
2018,67,87,Central Lancashire,56.7,83.4,84,73.9,16.3,5.2,135.7,5.3,64.8,
2018,67,59,Liverpool,56.7,89.5,89.3,74.2,13.5,6.4,150.4,5.6,77,
2018,70,74,Middlesex,55.9,81.5,81.7,74.9,16.6,6.6,117.2,5.1,71.4,
2018,71,79,Sunderland,55.5,80.6,85,73.8,15.4,6.9,112,4.8,66.6,
2018,72,75,Chichester,55.2,88.2,89,72.9,15.6,3.1,120.6,6.1,59.3,
2018,72,77,Brunel,55.2,83.5,84.4,74.3,15.8,4.4,131.3,5.4,70.8,
2018,72,66,Anglia Ruskin,55.2,84.8,87.8,77.7,17.8,7.8,101.6,6.1,56.6,
2018,75,52,Bradford,54.9,82.1,82.4,70.2,16,4.5,127.2,6,78.5,
2018,76,60,Manchester Met,54.8,84.6,85.3,75.1,15.6,3.7,132.6,4.2,66.3,
2018,77,65,Chester,54.7,84.5,87.1,73.1,13.5,5,115.5,4.2,64.5,
2018,78,76,Plymouth,54.5,84.9,87.2,73.4,16.1,5.2,123.7,5.9,69.6,
2018,79,102,Teesside,54.2,83.8,87.4,76.4,16.6,5.4,118.8,4.9,66.9,
2018,80,84,Liverpool John Moores,54.1,83.7,85.6,75.5,17.5,4,136.3,6,67.4,
2018,81,108,Aberystwyth,53.8,92.6,90.8,79.3,16.4,4.6,107.3,3.8,67.7,
2018,81,88,Kingston,53.8,79.8,80,71,18.8,6.2,118.3,5.2,64.4,
2018,83,70,Edinburgh Napier,53.1,82.3,86,71.1,20.3,4,147.6,6.6,72.6,
2018,84,71,Hull,52.9,86.1,85.3,71.2,16.5,4.7,125.8,4.5,73,
2018,85,86,Sheffield Hallam,52.7,84,85.8,72.1,16.6,5,119.7,6.5,68.5,
2018,86,93,Bolton,52.2,81.8,83.1,76.6,15.1,3.4,109.3,4.6,59.2,
2018,87,91,Cardiff Met,52,77.8,82.4,66.1,17.2,5,115.8,5.1,71.3,
2018,88,95,Worcester,51.7,84.7,88.2,75.8,16.4,3.9,118,5.2,68.2,
2018,89,99,Glasgow Caledonian,51.4,84.9,83.6,67.3,19.4,3.7,165.9,5.5,71.1,
2018,90,63,Winchester,51.2,85.6,87.2,74.1,15.9,2.6,,6.3,61.3,
2018,91,91,Brighton,51,79.9,83.7,69.5,17.4,3.7,118.1,5.5,70.7,
2018,92,107,London South Bank,50.6,81.6,83.9,71.6,17,4.3,105.9,5.7,75.9,
2018,93,90,Roehampton,50.5,84,86.2,71.7,14.3,5.8,107.5,4.7,64.2,
2018,94,61,De Montfort,50.4,84.7,84.9,75.2,19.1,3.8,109.7,4.8,75.7,
2018,95,98,Greenwich,49.7,81.8,83.1,71.6,17.8,3.6,131,5.8,65.3,
2018,96,79,Ulster,49.6,88.2,87.1,76.1,18.8,3.4,126.4,5.6,65.4,
2018,97,66,Bath Spa,49.2,84.1,87.4,77.2,18.7,4.4,117.5,5.4,61.1,
2018,98,113,Bedfordshire,48.9,84.4,84,75.9,16.9,5.8,92.5,6.6,61.9,
2018,99,83,Salford,48.6,82.4,84.8,76.5,16.6,3.9,126.5,5.7,60.9,
2018,100,101,Queen Margaret,48.1,88.7,88.9,71.5,18.1,2.9,136.5,6.3,57.6,
2018,101,105,Birmingham City,48,81.6,84.3,74.8,18.7,5,119.7,5.4,69.2,
2018,102,94,Hertfordshire,47.8,82.9,85.9,70.1,17.6,4.1,118.3,4.2,77.7,
2018,103,100,Southampton Solent,47.4,80.5,83.1,70.3,15.5,4,100.8,5.6,56.7,
2018,104,103,West of Scotland,47,85.9,87.1,75.4,20.2,3.5,142.9,5.9,70.2,
2018,105,73,Northampton,46.5,84.7,84.8,74.7,18.5,4.5,106.2,6.5,56.9,
2018,105,106,"St Mary's, Twickenham",46.5,85.2,87,67.9,17.9,3.2,122.1,3.7,69,
2018,107,115,East London,46.4,80.9,85.7,75,16.8,4.4,114.3,5.5,51.9,
2018,108,112,Westminster,46.2,81.4,80.9,68.6,17.9,4.3,117.7,6.7,57,
2018,109,109,Canterbury Christ Church,45.9,83.2,84.7,73.9,16.3,4,112,5.9,61,
2018,110,110,Newman,44.5,86.6,89.5,75.7,16.1,3.6,116.6,4.4,68.4,
2018,111,88,Leeds Trinity,44.4,80.5,84,73.7,21.4,3.4,108,7.1,70.2,
2018,112,,Trinity Saint David,43.7,80.4,85.5,77.3,15.4,4,103.8,5,45.7,
2018,113,,Birkbeck,42.4,87.7,88.2,73,16,3.2,104.1,2.9,72.7,
2018,114,114,Leeds Beckett,41.1,85.1,87.3,71.8,19.9,3.7,113.3,4.3,65.7,
2018,115,97,Suffolk,39.2,79.1,82.7,73.5,19.2,,112.9,2.5,61.4,
2018,116,111,South Wales,38.4,80.5,83.1,72.4,17.1,3.4,112.7,4.1,55.6,
2018,117,118,London Met,37.2,79.8,82.1,72.4,18.1,2.5,103.9,3.4,59.1,
2018,118,117,Cumbria,37.1,79.9,85.7,74.9,17.8,2.5,117.3,3.2,66.5,
2018,119,104,York St John,36.6,81.4,82.9,72.4,17.4,3.9,119.2,2.7,61.9,
2018,120,116,Bucks New University,32,76.8,80.8,72.8,17.5,6.7,108.4,3.5,60.7,
2018,121,119,Glyndwr,30.4,78.3,85.4,74.6,20.9,2.6,96.5,3.6,59.8,
2017,1,1,Cambridge,100,88,91.3,73.6,11,9.7,600.1,5.7,89.6,
2017,2,2,Oxford,95.4,91.6,92.9,71.5,10.5,10,576.9,6.8,87.6,
2017,3,3,St Andrews,90.8,89.6,91.1,74.5,11.6,6.9,524.1,7,83.2,
2017,4,4,Surrey,85,92.3,92.6,79.2,13.9,6.2,424.2,6.4,78.7,
2017,4,11,Loughborough,85,89.4,89.1,76.2,14.6,6.8,411.3,6.4,83.2,
2017,6,6,Durham,84.9,89.5,90,71.7,14.7,5.5,527.5,7.1,83.4,
2017,7,8,Imperial College,84.4,85.2,87.4,66.7,11.1,8.4,566.9,6.1,90.1,
2017,8,10,Lancaster,82.6,89.4,89.8,72.1,13.4,7.7,421.4,4.5,83.2,
2017,9,6,Warwick,82,86.4,87.7,72.6,12.5,8.6,489.7,5.8,78.5,
2017,10,5,Bath,79.9,90.2,90.2,74.2,15.5,6,481.1,5.9,84.9,
2017,11,9,Exeter,78.2,89.1,89.5,74.1,15.7,6,471.1,6.3,79.9,
2017,12,13,London School of Economics,78.1,80.3,81.2,67.2,11.6,7.9,540.7,5.5,79,
2017,13,17,Birmingham,76.6,87.3,90.4,70,14,7.3,429,6.7,86.5,
2017,14,12,UCL,76.3,81.8,85.2,63,10.2,8.3,506.2,6.6,82.3,
2017,15,15,Coventry,75.3,90.3,91.6,82.2,14.6,4.7,316.9,6.9,74.5,
2017,16,23,Leeds,74.9,90.8,91.8,75.5,13.5,5.7,436.5,6.7,78.3,
2017,16,14,Southampton,74.9,89.4,89.8,69.9,12,6.7,417,6.5,78,
2017,18,37,City,73.8,88.2,88.9,76.6,16.6,7.8,374.4,5.6,78.5,
2017,19,22,York,73.7,87,90.9,70.4,14.5,7.1,431,4.8,76.2,
2017,20,19,Sussex,73.6,86.4,87.7,67.9,15.3,7.6,375.9,5.3,83.7,
2017,21,31,Falmouth,72.8,85.6,89.5,78.8,18.9,5.9,318,6.7,74.2,
2017,22,20,Edinburgh,72.7,83.8,86.5,61.2,12,9,487.4,6,78.4,
2017,23,16,Kent,72.5,87.5,87.3,72.1,12.7,5.1,360.9,6,77.2,
2017,24,20,UEA,71.5,92,91.8,70.1,13.2,3.9,422.7,6.7,71,
2017,25,28,Nottingham,71,87.5,89,70.7,13.2,6.8,425,6,81.5,
2017,26,24,Glasgow,70.8,89.3,91.6,67.3,14.5,6.4,478.4,5.1,78.5,
2017,27,18,Heriot-Watt,70.4,89.4,87.7,69.9,15.6,7.3,406.8,6.1,78.2,
2017,28,38,Dundee,69.9,90.2,91.7,72.5,12.6,5.6,412.2,5.8,79.7,
2017,29,33,Aston,69.4,87.9,87,76.1,19,6.7,365,7.5,77.5,
2017,30,26,SOAS,69.3,88.8,89.5,67.1,11.1,6.9,410.6,6.1,68.6,
2017,31,29,Manchester,69.2,86.3,87.8,70.1,13.4,8,439.3,4.5,78.3,
2017,32,25,Reading,69.1,88.6,88.6,70.6,14.7,8.1,371.7,6.3,70,
2017,33,27,Cardiff,66.9,89.2,88.6,69.8,13.7,7.5,405.5,4.8,79.8,
2017,34,42,Keele,66.8,93.4,90.1,77.9,13.2,4.6,351.8,3.9,76.5,
2017,34,38,Queen Mary,66.8,86.8,87.8,71.7,12.2,6.9,417.2,4.6,73.1,
2017,36,41,Aberdeen,66.1,84.8,86.6,65.1,13.5,5.8,442.8,6,76.8,
2017,37,29,Newcastle,65.8,89,88.6,72.1,15.5,5.1,431.7,5.3,79,
2017,38,35,Bristol,65.1,84.6,88.4,63.7,13.8,5.7,479.1,6.2,79.5,
2017,39,,University for the Creative Arts,64.9,83.5,88,81.2,12.1,8.7,321.5,3.4,51.1,
2017,39,52,Swansea,64.9,91.5,90.7,74,14.7,4.9,325.9,6.1,81.9,
2017,41,42,Sheffield,64.8,90.4,90.4,71.9,14.6,5.6,420.1,5.7,75.7,
2017,42,36,King's College London,64.4,80.3,87.8,63.7,11.7,5.9,463.6,6.2,84.3,
2017,43,49,Portsmouth,64.3,89,89.2,76.6,15.4,5.4,322.4,6.4,66.9,
2017,44,46,Robert Gordon,63.8,90.2,89.7,75.9,18.4,3.8,391.7,4.9,83.5,
2017,45,40,Royal Holloway,63.4,88,88.7,75,15.3,5.1,400.4,4.7,61.5,
2017,46,50,Goldsmiths,63,82.9,89.6,68.6,13.8,4.4,358.6,7.2,56.2,
2017,47,32,Leicester,62.3,86.3,86.7,68,12.9,7.4,390,5,71.9,
2017,48,73,Derby,62.2,86.2,88.8,77.2,14.8,6,305.3,5.4,60.2,
2017,48,45,"Queen's, Belfast",62.2,89.7,91.3,74.3,15.1,4.6,388.3,6.2,78.7,
2017,50,68,Northumbria,61.7,87.6,87.6,75.4,17.1,3.9,363.9,6.2,66.3,
2017,51,33,Strathclyde,61.5,84.5,87.1,62,19.4,6.7,475.9,4.8,72.2,
2017,52,72,Bradford,61.2,85.3,83.1,73.5,16,5.3,321.4,6.6,75.1,
2017,53,51,Nottingham Trent,61.1,88.9,89,79.3,16.7,4.2,306.3,5.7,67.7,
2017,53,44,University of the Arts London,61.1,76.7,80.4,74.2,17,9.9,323.1,5.7,58.5,
2017,55,57,Bangor,60.5,90.4,90.6,78.1,16.9,4.3,343.8,4,67.9,
2017,56,54,Lincoln,60.4,83.9,86.2,72.2,15.7,4.1,339.5,4.3,70.3,
2017,57,48,Oxford Brookes,60.3,88.6,90.1,78.3,18.3,3.9,338,6.4,68.9,
2017,58,65,Stirling,60.2,86.4,88,68.6,14.9,3.8,376.9,6.2,73.3,
2017,59,59,Liverpool,60.1,86.7,87.8,71.9,11.8,6.8,395.2,5.7,76.5,
2017,60,77,Manchester Met,59.5,84.2,85.6,75.9,15.6,3.5,347.9,5.1,62.8,
2017,61,65,De Montfort,58.5,84,87,75.7,18.6,4.1,292.8,5.9,77.3,
2017,62,47,Essex,57.7,87.6,88.2,77.2,16.5,3.6,299.9,6.2,64.5,
2017,63,75,Winchester,57.3,90.6,91.4,77.6,16.7,2.7,295.3,6.2,61.6,
2017,64,69,Edge Hill,57.2,86.3,89.7,78.8,14.8,4.1,327.9,5.4,64.1,
2017,65,69,Chester,57,86.7,87.5,74.7,14,5.4,304.3,4,64.2,
2017,66,61,Bath Spa,56.7,89.1,90.5,81.7,18.5,5.1,321.7,5.3,54.9,
2017,66,88,Anglia Ruskin,56.7,86,89.1,77.1,17.3,8.1,256.4,4.9,65,
2017,68,79,UWE Bristol,56.5,85.5,87.4,71.6,18.5,3.7,323.9,6.6,70.9,
2017,69,83,Staffordshire,55.3,81.8,84.8,75.3,15.7,5.8,265.6,5.6,58.1,
2017,70,64,Edinburgh Napier,55.1,83.5,86.7,72,20.1,3.7,349.8,7.7,69.5,
2017,71,54,Hull,55,86.4,87.1,72.1,16.2,4.8,344.6,5.1,66.9,
2017,72,54,Gloucestershire,54.9,83.6,87.2,72.8,18.3,5.7,326.1,6.6,55.8,
2017,73,61,Northampton,54.7,85.7,87.4,77.1,18.6,5,280.7,6.3,62.3,
2017,74,81,Middlesex,54.5,81.8,82.8,73.6,16.3,7.1,300.8,4.6,64.3,
2017,75,71,Chichester,54.3,87,90.7,76.2,16,3.1,304.9,5.5,58,
2017,76,87,Plymouth,54.2,87.7,89.9,77,16.4,5.2,314.3,6,59.8,
2017,77,53,Brunel,54.1,84.5,83.7,71.9,15.7,4.4,349.6,5.3,63,
2017,77,59,Huddersfield,54.1,88.8,88,77.5,20.6,3.5,332.3,5.1,73.9,
2017,79,63,Bournemouth,53.9,76.4,82.6,66,17.3,5.7,321.8,7.1,66.3,
2017,79,82,Ulster,53.9,90.9,89.6,77.9,17.1,4.3,307.7,5.2,63.9,
2017,79,109,Sunderland,53.9,83.1,85.4,75.9,16.3,6.9,290.5,4.6,62.6,
2017,79,104,Liverpool Hope,53.9,87.6,89.8,80.3,16.2,2.6,305.2,3.7,54.1,
2017,83,90,Salford,53.6,82.6,85.2,74.5,16.7,4,334.5,5.5,59.2,
2017,84,58,Liverpool John Moores,53.5,85.5,86.4,76,18.1,3.5,345.4,6,63.5,
2017,85,93,Abertay Dundee,53.4,87.4,88.2,72.4,19.3,2.6,346.8,6.7,65.7,
2017,86,74,Sheffield Hallam,53.1,85,87.1,73.3,16.5,5.3,305.9,6.1,61.8,
2017,87,85,Central Lancashire,52.6,85,86.5,74.2,16.8,5.8,322.9,4.7,62.9,
2017,88,84,Leeds Trinity,52.4,83.7,87.8,78.7,21.6,2.9,286.5,7,65.7,
2017,88,97,Kingston,52.4,82,82.2,69.8,19.3,5,290.7,4.9,60.7,
2017,90,78,Roehampton,52.3,83.5,85.2,72.3,14.9,5.9,275.8,5.7,60.8,
2017,91,67,Brighton,51.3,84.2,85.3,69.2,17.4,3.7,304.7,5.1,66.9,
2017,91,95,Cardiff Met,51.3,78.9,82.4,71.2,17.9,4.5,318.1,5.8,60.7,
2017,93,105,Bolton,51.1,82.1,85.7,75.3,15.9,4.3,290.2,4.4,60.2,
2017,94,79,Hertfordshire,51,85.5,86.8,70.4,17.5,4.2,300.7,4.9,75,
2017,95,108,Worcester,50.6,87.3,87.9,71.9,17.3,2.9,302.9,6.4,63.7,
2017,96,94,West London,50.3,72.9,79,68.1,15.6,5.6,300,5.4,60.6,
2017,97,99,University Campus Suffolk,48.7,84.1,86,78.9,20,,308.2,2.3,55.4,
2017,98,92,Greenwich,48.6,80.7,83.6,71.5,18.6,3.7,337.6,5.3,58,
2017,99,89,Glasgow Caledonian,48.4,83.6,84,65.6,21.1,3.9,386.8,5.6,70.1,
2017,100,114,Southampton Solent,48.2,81.7,82.7,70.3,16.9,4.3,278.8,5.7,54.6,
2017,101,76,Queen Margaret,47.4,84.1,87.4,66.5,18.3,2.6,351.9,6.5,60.2,
2017,102,91,Teesside,47.3,85,88,75.7,17.4,5.8,305.5,3.7,60,
2017,103,115,West of Scotland,47.2,86.7,87,73.5,19.8,3.2,326.9,5.9,65.7,
2017,104,107,York St John,46.8,86.7,88.8,75.2,18.5,4.2,301.7,4.2,65.5,
2017,105,86,Birmingham City,45.2,80.6,82.6,72,19.1,4.8,316.4,5.5,64.9,
2017,106,100,"St Mary's, Twickenham",45.1,92.1,92.8,72.6,20.2,4.6,293.3,3.3,66.5,
2017,107,111,London South Bank,44.5,80.8,82.8,71.2,17.2,4.3,257.1,5.2,68,
2017,108,110,Aberystwyth,43.6,82.4,85.2,69.9,19.1,4.7,289.8,3.5,62.6,
2017,109,101,Canterbury Christ Church,43.5,84.9,86.4,72.7,16,3,276.2,5.4,58.1,
2017,110,112,Newman,43.3,92.7,90.8,77.2,16.9,3.4,299.4,3.3,55,
2017,111,113,South Wales,42.6,79.8,84.1,70.3,16.8,3.2,319,4.7,57.6,
2017,112,101,Westminster,40.9,81.3,80.8,68.5,19.8,4.1,318.3,6.2,55.1,
2017,113,98,Bedfordshire,40.5,81.6,84.2,76.1,17.4,5.9,239.8,3.4,58.5,
2017,114,116,Leeds Beckett,40.2,82.7,86,72.1,20.7,3.7,292.6,5,58,
2017,115,106,East London,37.7,75.9,78.5,67.9,20,4.9,278.5,5.8,45.5,
2017,116,119,Bucks New University,37,81.7,85.6,74.1,17.6,3.4,259.8,3.5,57.4,
2017,117,96,Cumbria,36.2,82,86.4,76.2,19.7,2.6,292.1,4.4,64.6,
2017,118,118,London Met,35.7,78.3,81.3,71.2,17.4,2.9,250.4,3.9,47.4,
2017,119,103,Glyndwr,30.5,76.1,82.5,71.9,22.1,3,249.7,3.9,67.1,
2016,1,1,Cambridge,100,90.6,92.4,72.7,11.3,9.9,602,5.5,89.3,
2016,2,2,Oxford,97.5,92,93.3,70.8,10.6,10,572.6,6.7,82.8,
2016,3,3,St Andrews,91.8,92.2,92.3,74.6,11.4,7.9,517.3,6.9,78.5,
2016,4,6,Surrey,87.7,90.4,90.5,76.7,14,7.2,424.1,6.2,82.1,
2016,5,4,Bath,85.9,93.2,91.4,74.9,16.7,6,478.8,6.9,85,
2016,6,8,Durham,84.6,90.5,90.2,73.2,14.9,5.8,524.4,6.7,79.7,
2016,6,9,Warwick,84.6,89.2,89.2,71.7,12.6,8.5,482.2,5.9,78.3,
2016,8,5,Imperial College,84.3,87.2,88.4,66.9,11.3,7.8,568.3,5.7,89.9,
2016,9,12,Exeter,83.8,91.5,90.7,76.7,15.7,6.7,463.3,6.6,80.2,
2016,10,10,Lancaster,82.1,89,88.3,71.8,13.8,8.1,435.7,5.1,78.7,
2016,11,15,Loughborough,81.2,89.2,88.1,75.6,15,6.1,397.3,6.3,80,
2016,12,11,UCL,81,85.8,86.2,61.8,10.3,8.7,502.1,6.6,80.9,
2016,13,7,London School of Economics,80.5,82.9,82.7,66.1,11.4,7.6,532.7,4.5,82.2,
2016,14,19,Southampton,76.2,86.6,87.6,67.9,12,6.9,410.9,6.5,77.8,
2016,15,27,Coventry,75.7,91.1,92.7,81.4,14.7,4.4,309.8,6.7,71.7,
2016,16,20,Kent,75.5,90.7,88.7,72.6,13,4.9,362.8,6.5,75.6,
2016,17,17,Birmingham,75.1,89.6,90.1,69.6,15.5,7.4,426.4,6.4,84.4,
2016,18,13,Heriot-Watt,74.8,87.1,86.3,74.2,16.9,7.8,413.4,6.1,72.7,
2016,19,43,Sussex,74.5,85.4,87.5,67.5,15.6,7.8,386.1,5.3,77.9,
2016,20,14,UEA,74.2,92.4,91.5,71.6,13.7,4.3,407.6,6.8,71,
2016,20,18,Edinburgh,74.2,82.2,85,55.4,12.2,9.1,484.1,6.1,78.2,
2016,22,16,York,73.4,85.9,88.8,68,14.8,7,437.3,5,74.7,
2016,23,28,Leeds,73.1,88.4,89.8,71.1,13.7,6.3,431.3,6.3,74.9,
2016,24,25,Glasgow,72.6,90.7,91,66.6,14.8,6.4,470.4,4.6,79.8,
2016,25,30,Reading,72,89,88.5,69.9,14.2,7,373,5.5,72.5,
2016,26,24,SOAS,71.4,87.5,89.4,65.9,10.9,6.5,406.5,6.7,62.2,
2016,27,26,Cardiff,71.2,88.6,88.4,69.3,14.3,7.2,426.5,5.3,80.1,
2016,28,22,Nottingham,71.1,87.9,88.1,67.6,14,6.8,427.7,5.6,79,
2016,29,33,Manchester,70.8,84.7,86,67.7,13.2,7.9,435.1,5,75.6,
2016,29,28,Newcastle,70.8,90.7,89.8,71.6,15.6,6.1,424.3,5.7,79.4,
2016,31,53,Falmouth,70.4,81.4,84.4,74.5,21.5,6.1,309.5,6.5,72.4,
2016,32,21,Leicester,70.2,88.8,87.7,68.6,12.2,7.5,386,5.3,74,
2016,33,22,Aston,70.1,88.5,86.4,73.2,16,6.8,368.8,5.6,76.3,
2016,33,38,Strathclyde,70.1,89.3,89.2,65.7,19.3,6.5,476.4,5.4,77.5,
2016,35,34,Bristol,69.7,84.1,88.9,64.5,13.8,5.3,486.5,6.4,80.3,
2016,36,40,King's College London,67.7,82.9,87.4,62.3,11.3,6.5,455.3,6,79.4,
2016,37,35,City,67.5,83.1,84.3,68.9,16.2,7.5,379,6,74.4,
2016,38,32,Queen Mary,67.4,85.8,85.7,67.7,12.2,7.3,410.6,5.1,70.1,
2016,38,47,Dundee,67.4,90.9,91.9,71.1,13.9,5.9,409.5,5.6,71.2,
2016,40,36,Royal Holloway,67.3,88,88.9,71,15.3,5.1,398.1,4.9,62.2,
2016,41,41,Aberdeen,66.8,86.4,86.4,64.8,13.4,5.4,446.4,6,75,
2016,42,41,Keele,66.4,93,91.1,76.1,13.9,3.8,357.8,4.8,73.1,
2016,42,37,Sheffield,66.4,88.7,88.7,67.9,15,5.5,428.6,5.7,77.1,
2016,44,31,University of the Arts London,65,70.7,79.4,70.3,15.1,9.8,321.1,5.5,55,
2016,45,46,"Queen's, Belfast",64.7,87.3,88.5,71.2,15.1,4.6,383.5,6.1,75.4,
2016,46,51,Robert Gordon,64.4,86.8,85.2,69.5,19.6,3.8,384.6,5.1,81.1,
2016,47,54,Essex,64.2,89.4,88.1,75.3,15.1,3.6,312.8,5.1,67,
2016,48,39,Oxford Brookes,64.1,88.1,88.4,75,17.7,3.7,348.2,6.3,68.1,
2016,49,55,Portsmouth,63.8,88.7,87.6,73,16.7,5.2,309.4,6.8,66.3,
2016,50,48,Goldsmiths,63.7,86.4,89.2,67.8,14.8,3.9,359.9,6.8,54.2,
2016,51,57,Nottingham Trent,61.9,86.9,86.1,76.4,17.2,4.6,309.5,5.4,64.2,
2016,52,57,Swansea,61.7,88.4,86.4,71.5,15.3,4.8,326.2,5.7,79.2,
2016,53,52,Brunel,61.6,89.8,85.8,75,16.7,5.5,351.6,4.6,60.2,
2016,54,75,Hull,61.3,89.7,89.6,72.4,17.4,4.5,332.2,5.9,63.9,
2016,54,74,Gloucestershire,61.3,85.4,86.1,72.4,19.9,5.2,316.5,7.7,58.1,
2016,54,65,Lincoln,61.3,86.2,88.2,72.6,18,4.3,334.8,4.4,67.5,
2016,57,82,Bangor,61,90.1,88.5,76,16.5,4.8,320.4,4.3,67.6,
2016,58,80,Liverpool John Moores,60.3,84.2,84.5,74.5,18.5,3.8,344.3,7.4,61.8,
2016,59,45,Liverpool,60.2,85.1,84.9,68,11.9,6.8,403.8,5.8,73.8,
2016,59,56,Huddersfield,60.2,85.1,86.1,76.3,18.1,4.1,332.7,5.2,69.6,
2016,61,69,Bath Spa,60,88.7,89.9,78,19,5.1,317.5,5.7,56.8,
2016,61,44,Northampton,60,89.8,89.5,78.4,20.3,5,283.1,6.6,60.2,
2016,63,71,Bournemouth,59.7,80.5,82.4,64.3,18,5.9,328.8,7,63.7,
2016,64,78,Edinburgh Napier,59.3,85,86,71.8,20.4,3.8,347.6,7.5,61.3,
2016,65,63,Stirling,59.2,87.7,87.6,68.8,15,4.1,375.6,4,70.2,
2016,65,85,De Montfort,59.2,86.7,85.5,73.8,18.7,3.9,307.2,6.3,69.7,
2016,67,62,Brighton,59,82.1,85,69.4,17.3,4.1,321.7,5.9,64.8,
2016,68,60,Northumbria,58.9,84.4,84.4,70.4,18,3.7,363,6.2,62.3,
2016,69,75,Edge Hill,58.6,85.5,88.2,76.5,15.7,4.2,319.3,4.7,58.5,
2016,69,61,Chester,58.6,88.9,89.3,77.9,16.5,4.9,299.4,4,66.8,
2016,71,80,Chichester,58.4,89.7,90.6,72.6,17.5,3.2,310.1,5.8,60.5,
2016,72,83,Bradford,58.3,81.9,80.9,66.8,17.9,5,313.8,7,71.9,
2016,73,50,Derby,58.1,85.8,87.3,75.1,15.4,5.3,290,4.6,54.8,
2016,74,73,Sheffield Hallam,57.9,84.6,85.7,71.6,17.4,5.1,319.1,6.6,58.6,
2016,75,59,Winchester,57.6,89.1,88.9,73.2,16.9,2.9,307.6,6.8,52.4,
2016,76,69,Queen Margaret,57.5,86.5,87.2,68.1,19.1,2.7,341.1,6.8,63.7,
2016,77,71,Manchester Met,57.3,83.3,83.7,72.3,17.8,3.3,346.9,5.6,60.7,
2016,78,100,Roehampton,57.2,85.6,87.5,74.2,16.8,6,285.9,4.8,57.4,
2016,79,66,Hertfordshire,56.9,83.5,84,65.7,17.8,4.7,318.5,6.2,68.4,
2016,79,49,UWE Bristol,56.9,83.9,85.3,66.3,19.7,3.4,324.3,6.7,68.6,
2016,81,86,Middlesex,56.5,84.9,83.8,74.8,18.6,7.1,269.9,5.6,56.9,
2016,82,93,Ulster,56.4,87.4,85.9,73.5,16.6,3.8,306.2,5.9,58.7,
2016,83,90,Staffordshire,56,84.6,86.8,72.9,17,6.2,274.1,4.9,55.7,
2016,84,111,Leeds Trinity,55.9,86.2,88,79.2,21.7,3,283.7,5.5,65.7,
2016,85,67,Central Lancashire,55.6,84.2,84.6,74.9,17.3,5.8,315.5,4.6,59.9,
2016,86,88,Birmingham City,54.6,83.7,85.7,74,20.4,4.7,299.6,6.2,63.2,
2016,87,68,Plymouth,53.3,85.9,87.4,72.2,17.7,5.3,312.1,6,58.1,
2016,88,105,Anglia Ruskin,52.9,85,88.7,75.3,19,7.7,253.7,4.4,58.1,
2016,89,91,Glasgow Caledonian,52.4,83.4,83.1,65.8,21.2,4,372.1,5.3,67.1,
2016,90,94,Salford,51.9,78.6,81.8,70.9,17,4.5,334.3,4.8,56.7,
2016,91,84,Teesside,51.6,83.7,85,74.6,17.7,5.5,305.5,4.1,58,
2016,92,87,Greenwich,51.2,85,84.6,72.8,19.6,3.6,314.4,6.2,49.2,
2016,93,101,Abertay Dundee,51,84.6,85,64.7,21.4,2.6,337.9,7.5,61.7,
2016,94,97,West London,50.6,81.6,82.6,71.9,17.3,5.4,258.5,4.7,67.7,
2016,95,98,Cardiff Met,50.4,86.5,85.7,75.8,19,3.8,317.1,4.7,58.8,
2016,96,104,Cumbria,49.2,86.8,88.2,78.5,22.3,2.9,298.8,5.8,62.5,
2016,97,98,Kingston,49.1,78.5,80.8,67.2,19.4,4.6,299.5,5,54.3,
2016,98,115,Bedfordshire,49,84.4,85,75.2,18.3,5.4,229.2,4.9,59.5,
2016,99,78,University Campus Suffolk,48.8,82.3,84.2,73.5,18.3,,334.6,2.4,56.2,
2016,100,96,"St Mary's, Twickenham",48.6,87,89.6,72.9,20.6,3.1,288.9,3.9,63,
2016,101,92,Canterbury Christ Church,48.4,85.7,87.1,72.3,18.4,3,279.5,5.3,59.7,
2016,101,95,Westminster,48.4,81.2,79.3,65.6,19.9,4.1,311.2,6.8,50.2,
2016,103,64,Glyndwr,47.8,77.8,80.6,74.6,23.3,3.3,261.2,4.9,64.9,
2016,104,,Liverpool Hope,47.7,81.4,85.7,77.3,19.4,2.9,304.1,3.2,53.4,
2016,105,113,Bolton,47,78.7,82.1,73.1,17.9,4.4,286.9,3.4,57.8,
2016,106,109,East London,46.5,81.9,84.3,73,23.6,6.7,280.3,5.1,50.6,
2016,107,89,York St John,46.2,83.4,85.4,68.5,20.6,3.8,291.6,4.6,64.7,
2016,108,103,Worcester,45.5,82.6,85,69.1,19.1,2,301.4,5.4,61.1,
2016,109,77,Sunderland,44.8,83.2,85.1,72.9,19.7,6.5,294.3,4.4,51.3,
2016,110,106,Aberystwyth,44.2,82.4,85.8,65.3,17.9,4.4,312.3,3.9,53.3,
2016,111,112,London South Bank,43.3,79.3,82.1,67.5,17.2,4.2,247.6,4.8,49.1,
2016,112,,Newman,42.9,88.2,89,75.3,18.9,3.8,294.6,3,57.9,
2016,113,102,South Wales,42.7,79.6,81.8,69,20.5,3.5,320.2,4.6,54.8,
2016,114,107,Southampton Solent,42.6,79.7,80.6,69.1,18.3,3.7,276.2,3.8,50.8,
2016,115,110,West of Scotland,42.4,84,83.1,65.9,21.1,3.7,305,5.9,58.4,
2016,116,108,Leeds Beckett,40.4,81.2,82.2,68,20.9,3.3,287.7,4.5,54.8,
2016,117,,Trinity Saint David,36.3,79.9,84.4,72.4,22.4,4.2,265.6,2.7,50.7,
2016,118,116,London Met,32.3,75.9,77.6,65.5,19.6,2.8,238.4,4.2,47.1,
2016,119,114,Bucks New University,31.3,75,79.3,67.9,21.8,2.5,257.9,4.1,53.5,
2015,41,43,Aberdeen,62.5,88,89,67,15.5,4.9,444,5.3,77,
2015,101,114,Abertay Dundee,46.3,84,86,60,21.3,2.4,330,6.6,68,
2015,106,88,Aberystwyth,43.8,82,84,65,20.0,4.5,325,4.5,54,
2015,105,67,Anglia Ruskin,44.1,81,86,72,23.0,7.8,252,3.4,62,
2015,22,30,Aston,70.4,87,87,73,16.2,5.8,381,6.2,74,
2015,82,74,Bangor,52.4,84,86,71,17.8,4.7,305,4.4,66,
2015,4,7,Bath,83.4,94,92,74,16.6,5.9,489,6.3,83,
2015,69,78,Bath Spa,54.5,88,90,76,20.0,4.5,332,5.7,58,
2015,115,110,Bedfordshire,30.7,81,81,72,20.9,4.4,225,3.9,54,
2015,17,15,Birmingham,73.5,87,90,70,14.5,7.5,439,5.8,80,
2015,88,61,Birmingham City,50.2,83,83,72,21.2,4.2,317,6.1,63,
2015,113,115,Bolton,35.4,78,83,71,19.9,3.4,275,3.2,54,
2015,71,52,Bournemouth,53.8,79,84,69,21.6,5.8,336,5.5,64,
2015,83,90,Bradford,52.1,82,81,69,18.6,4.7,320,5.8,69,
2015,62,68,Brighton,56.9,83,85,71,18.3,4.0,316,6.1,59,
2015,34,23,Bristol,66.1,86,89,67,14.1,5.3,483,5.9,79,
2015,52,44,Brunel,58.7,87,84,73,16.9,5.8,352,4.5,61,
2015,114,119,Bucks New University,32.0,78,82,70,22.2,3.1,250,4.0,44,
2015,1,1,Cambridge,100.0,90,91,72,11.6,9.7,616,6.0,86,
2015,92,104,Canterbury Christ Church,48.1,85,87,71,18.9,3.0,277,6.5,58,
2015,26,29,Cardiff,69.0,89,88,67,13.0,7.5,423,5.7,78,
2015,98,105,Cardiff Met,47.0,83,84,74,20.3,3.5,304,5.0,53,
2015,67,87,Central Lancashire,55.1,86,86,75,17.2,5.8,337,4.2,56,
2015,61,46,Chester,57.3,87,87,75,16.9,4.4,302,4.5,71,
2015,80,77,Chichester,52.5,87,90,74,18.7,3.3,306,5.3,61,
2015,35,37,City,66.0,87,86,72,17.5,6.8,395,5.9,71,
2015,27,33,Coventry,68.9,89,91,80,15.3,3.7,313,6.4,72,
2015,104,109,Cumbria,44.5,82,87,77,20.8,2.6,288,6.1,60,
2015,85,83,De Montfort,51.7,83,85,71,18.1,3.5,313,6.0,54,
2015,50,79,Derby,59.3,87,89,76,16.8,5.1,306,5.2,56,
2015,47,41,Dundee,60.5,90,90,70,14.9,5.7,409,5.8,71,
2015,8,6,Durham,81.7,90,90,72,15.6,5.7,527,6.4,83,
2015,109,117,East London,41.0,78,82,70,26.3,5.8,278,5.9,45,
2015,75,70,Edge Hill,53.0,87,88,78,16.8,3.8,308,4.4,61,
2015,18,19,Edinburgh,72.7,82,85,55,13.8,9.2,489,6.5,76,
2015,78,85,Edinburgh Napier,52.6,84,87,71,21.6,3.8,348,7.0,63,
2015,54,63,Essex,58.5,86,86,72,16.1,4.7,343,4.7,52,
2015,12,12,Exeter,79.6,90,92,74,17.2,6.6,459,6.8,78,
2015,53,76,Falmouth,58.6,71,79,66,23.0,6.4,316,5.5,62,
2015,25,21,Glasgow,69.3,90,92,68,15.2,6.2,487,4.5,75,
2015,91,96,Glasgow Caledonian,48.3,82,83,61,20.9,4.0,370,6.1,64,
2015,74,80,Gloucestershire,53.3,82,85,73,23.6,4.8,295,7.4,61,
2015,64,108,Glyndwr,55.7,81,83,75,20.1,3.9,287,4.7,62,
2015,48,51,Goldsmiths,60.0,88,91,70,16.9,3.8,346,6.5,53,
2015,87,71,Greenwich,51.3,84,85,72,21.5,3.8,312,6.6,54,
2015,13,18,Heriot-Watt,79.5,91,88,77,16.4,7.6,424,5.9,78,
2015,66,82,Hertfordshire,55.2,82,83,66,18.3,4.9,344,6.8,62,
2015,56,42,Huddersfield,58.3,86,88,79,18.3,3.7,335,5.6,67,
2015,76,62,Hull,53.0,89,89,73,17.8,4.2,333,5.4,55,
2015,5,9,Imperial College,82.9,87,88,69,11.7,8.4,576,6.4,88,
2015,42,45,Keele,62.5,92,90,73,15.2,3.7,384,5.6,69,
2015,20,20,Kent,71.9,88,87,69,13.6,5.8,372,6.2,71,
2015,40,32,King's College London,64.5,83,87,65,11.4,6.6,470,6.2,82,
2015,99,100,Kingston,47.0,80,82,67,19.4,4.9,298,4.0,58,
2015,10,11,Lancaster,80.5,88,90,72,14.9,7.6,449,5.8,73,
2015,28,34,Leeds,68.6,87,89,71,14.7,6.6,434,6.4,70,
2015,108,107,Leeds Met,42.6,83,86,70,19.9,3.2,280,5.0,61,
2015,111,111,Leeds Trinity,39.8,86,88,77,23.6,2.3,280,3.2,58,
2015,21,13,Leicester,71.0,89,89,73,12.9,7.2,401,6.0,71,
2015,65,56,Lincoln,55.3,84,85,72,18.6,4.1,338,3.4,70,
2015,45,54,Liverpool,61.3,88,87,68,12.7,6.6,414,5.7,72,
2015,81,69,Liverpool John Moores,52.5,82,84,74,19.7,3.8,336,6.8,55,
2015,116,116,London Met,29.9,74,80,67,21.5,2.2,239,4.3,46,
2015,7,3,London School of Economics,82.0,88,85,71,11.8,7.3,538,5.0,76,
2015,112,113,London South Bank,37.1,80,81,66,24.2,3.8,233,5.5,56,
2015,15,14,Loughborough,74.5,88,87,72,15.6,6.5,407,5.9,76,
2015,33,31,Manchester,66.2,84,87,69,13.9,7.2,442,5.0,72,
2015,72,93,Manchester Met,53.8,82,83,71,18.2,3.2,344,5.8,58,
2015,86,103,Middlesex,51.6,80,83,73,20.5,6.2,287,5.3,54,
2015,29,27,Newcastle,68.6,90,89,71,15.2,5.3,438,5.5,80,
2015,44,47,Northampton,61.7,87,89,77,19.8,6.3,280,6.5,58,
2015,60,58,Northumbria,57.4,87,87,73,18.5,4.3,366,5.7,62,
2015,23,28,Nottingham,70.4,88,88,69,14.1,6.7,442,5.9,77,
2015,57,73,Nottingham Trent,57.8,86,85,73,17.2,4.4,320,5.6,63,
2015,2,2,Oxford,94.4,91,92,71,11.0,9.9,580,7.3,79,
2015,39,35,Oxford Brookes,64.6,86,89,73,16.9,5.6,370,6.2,63,
2015,68,59,Plymouth,54.8,85,87,70,16.2,6.0,316,5.1,58,
2015,55,48,Portsmouth,58.4,87,87,70,18.6,4.9,314,7.2,63,
2015,70,81,Queen Margaret,54.5,84,88,62,20.5,2.9,339,6.9,68,
2015,32,36,Queen Mary,67.2,88,88,70,14.0,7.3,424,4.8,70,
2015,46,49,"Queen's, Belfast",60.8,88,90,73,15.5,4.6,391,5.0,75,
2015,30,38,Reading,68.3,87,88,68,14.7,6.8,375,5.0,70,
2015,51,55,Robert Gordon,59.1,88,86,70,19.3,3.6,384,4.8,82,
2015,100,102,Roehampton,46.4,86,87,72,20.2,3.6,287,5.3,54,
2015,36,39,Royal Holloway,65.2,89,90,70,15.4,4.3,405,5.2,64,
2015,94,86,Salford,47.6,80,83,68,17.0,3.8,341,4.9,60,
2015,37,40,Sheffield,65.1,90,90,70,14.9,5.7,439,5.5,72,
2015,73,72,Sheffield Hallam,53.5,82,84,69,18.4,4.8,321,6.6,58,
2015,24,22,SOAS,69.4,88,90,67,11.6,6.0,422,7.1,67,
2015,102,19,South Wales,46.1,80,82,70,22.9,4.5,321,4.8,56,
2015,19,24,Southampton,72.5,89,89,67,12.8,6.6,431,6.3,76,
2015,107,112,Southampton Solent,43.2,78,80,67,18.8,3.5,299,5.0,48,
2015,3,4,St Andrews,92.4,92,94,76,11.8,7.5,523,7.7,80,
2015,96,89,"St Mary's UC, Twickenham",47.2,86,88,73,22.4,3.0,294,4.4,66,
2015,90,92,Staffordshire,48.8,84,86,71,17.7,5.1,273,4.2,55,
2015,63,57,Stirling,56.6,86,88,67,15.7,4.2,380,3.9,64,
2015,38,26,Strathclyde,64.8,87,88,64,19.3,6.0,470,5.3,75,
2015,77,65,Sunderland,52.9,82,86,73,17.9,6.9,303,4.3,50,
2015,6,8,Surrey,82.5,91,91,74,15.4,7.5,422,6.7,73,
2015,43,50,Sussex,61.9,89,89,65,16.5,6.0,409,5.5,55,
2015,58,60,Swansea,57.8,85,86,69,15.5,4.8,340,5.7,78,
2015,84,75,Teesside,51.8,85,85,78,18.8,4.6,324,4.7,54,
2015,11,5,UCL,80.2,83,86,62,10.2,8.8,521,6.7,81,
2015,14,17,UEA,76.1,91,92,70,13.0,7.3,431,5.9,69,
2015,93,97,Ulster,47.8,88,86,74,19.2,3.5,309,5.9,51,
2015,79,31,UC Suffolk,52.6,83,85,75,19.2,,338,4.0,61,
2015,31,53,University of the Arts London,67.4,71,77,69,18.7,9.9,343,6.2,54,
2015,49,64,UWE Bristol,59.7,88,89,71,20.0,3.3,339,7.7,68,
2015,9,10,Warwick,80.7,87,88,67,13.9,8.6,510,6.0,79,
2015,97,84,West London,47.1,76,82,69,18.3,5.4,256,3.3,63,
2015,110,106,West of Scotland,40.1,84,83,68,22.0,3.5,299,5.0,57,
2015,95,99,Westminster,47.5,80,80,65,20.3,4.6,317,6.5,54,
2015,59,66,Winchester,57.6,89,91,78,17.3,3.0,322,6.4,54,
2015,103,95,Worcester,44.7,84,85,70,21.1,3.3,300,5.4,64,
2015,16,16,York,74.0,88,89,69,15.0,6.5,446,5.6,75,
2015,89,94,York St John,49.8,86,89,77,21.1,4.1,302,4.9,62,
2014,43,38,Aberdeen,64.2,88,87,65,16.4,5.2,444,6.0,72,
2014,114,119,Abertay Dundee,34.5,82,83,59,24.0,1.8,316,5.0,53,
2014,88,81,Aberystwyth,49.5,88,88,69,19.4,4.8,327,3.3,54,
2014,67,77,Anglia Ruskin,55.2,81,86,74,20.2,7.8,247,5.2,60,
2014,30,27,Aston,68.6,82,85,65,16.2,6.5,398,6.1,76,
2014,74,63,Bangor,53.5,82,85,66,17.9,5.4,313,4.4,61,
2014,7,9,Bath,82.0,92,92,69,16.8,6.7,481,6.5,79,
2014,78,71,Bath Spa,51.8,85,88,72,21.8,3.9,339,6.0,55,
2014,110,103,Bedfordshire,40.3,78,81,68,23.3,5.6,214,4.6,56,
2014,15,30,Birmingham,75.4,87,89,68,14.8,8.4,444,5.8,77,
2014,61,60,Birmingham City,57.3,81,83,72,21.0,5.6,324,5.9,63,
2014,115,120,Bolton,33.1,78,83,69,20.6,3.4,270,3.2,40,
2014,52,55,Bournemouth,61.2,78,83,68,21.5,6.5,345,7.2,61,
2014,90,91,Bradford,49.2,78,80,67,19.4,5.6,311,3.6,67,
2014,68,64,Brighton,54.9,80,85,68,19.0,4.5,305,5.8,58,
2014,23,18,Bristol,71.0,86,90,66,14.2,5.9,487,6.0,79,
2014,44,44,Brunel,63.4,84,84,72,17.5,6.6,357,5.6,56,
2014,25,16,Buckingham,70.6,92,89,79,11.4,3.7,309,1.9,86,
2014,119,116,Bucks New University,30.1,73,79,67,24.1,3.9,237,2.3,48,
2014,1,1,Cambridge,100.0,91,92,75,11.6,9.7,610,6.5,81,
2014,104,105,Canterbury Christ Church,44.2,84,85,71,19.5,3.2,274,5.4,57,
2014,29,40,Cardiff,68.7,87,89,67,14.2,6.7,433,5.3,74,
2014,105,66,Cardiff Met,43.8,77,81,70,23.4,3.6,312,5.8,48,
2014,87,72,Central Lancashire,49.7,84,83,73,19.3,5.8,298,3.7,54,
2014,46,52,Chester,62.1,86,89,75,16.3,4.1,296,5.4,64,
2014,77,61,Chichester,52.4,87,90,74,18.8,3.3,307,3.7,50,
2014,37,21,City,65.6,78,78,63,18.6,8.0,391,5.9,72,
2014,33,46,Coventry,67.0,86,89,75,14.6,3.9,294,7.1,69,
2014,109,102,Cumbria,41.1,78,83,68,18.6,3.1,253,5.9,56,
2014,83,85,De Montfort,50.3,84,85,70,20.2,3.2,301,5.6,56,
2014,79,70,Derby,51.2,84,85,72,18.8,4.8,288,4.7,49,
2014,41,43,Dundee,65.0,90,88,68,14.4,5.9,396,5.2,72,
2014,6,7,Durham,82.3,90,90,73,15.1,6.4,512,6.2,78,
2014,117,115,East London,31.2,76,80,69,24.8,3.5,238,4.4,39,
2014,70,75,Edge Hill,54.3,84,88,75,17.2,3.3,307,4.4,63,
2014,19,15,Edinburgh,74.2,83,87,54,13.9,9.1,489,6.4,74,
2014,85,73,Edinburgh Napier,49.9,83,84,67,23.8,3.6,325,7.5,68,
2014,63,50,Essex,56.8,83,84,69,16.4,5.2,342,4.1,56,
2014,12,10,Exeter,78.1,91,93,74,18.7,6.0,470,6.7,72,
2014,76,70,Falmouth,53.1,74,80,68,23.9,5.9,289,5.0,52,
2014,21,14,Glasgow,71.3,91,92,69,16.4,6.0,477,4.8,79,
2014,96,92,Glasgow Caledonian,47.3,83,83,55,21.4,4.3,355,5.7,56,
2014,80,59,Gloucestershire,50.9,83,85,71,22.3,5.1,295,6.8,56,
2014,108,106,Glyndwr,43.3,76,82,70,23.2,3.5,232,4.1,69,
2014,51,65,Goldsmiths,61.3,85,89,70,19.2,3.2,371,6.6,54,
2014,71,88,Greenwich,54.3,83,85,72,21.3,4.7,286,6.5,55,
2014,18,20,Heriot-Watt,74.5,90,89,75,18.3,7.0,391,5.5,73,
2014,82,76,Hertfordshire,50.6,83,82,66,19.5,4.2,313,7.0,57,
2014,42,48,Huddersfield,64.5,89,88,81,18.4,4.3,316,6.0,67,
2014,62,69,Hull,57.1,87,88,71,19.8,4.5,344,4.4,66,
2014,9,13,Imperial College,80.6,87,86,64,11.7,8.3,567,6.7,84,
2014,45,51,Keele,62.2,90,90,71,16.5,3.8,356,6.6,76,
2014,20,22,Kent,73.9,91,89,70,14.6,6.4,380,6.6,68,
2014,32,32,King's College London,68.0,85,88,64,11.7,7.2,467,5.9,84,
2014,100,95,Kingston,44.9,78,81,64,20.4,4.4,313,4.3,55,
2014,11,8,Lancaster,80.0,89,89,73,15.4,6.7,439,4.7,74,
2014,34,37,Leeds,66.3,86,88,69,16.8,6.5,428,6.2,68,
2014,107,112,Leeds Met,43.5,84,86,73,20.7,3.1,278,4.5,54,
2014,111,111,Leeds Trinity,40.2,84,86,73,23.3,2.0,286,1.8,62,
2014,13,19,Leicester,77.5,90,90,76,12.9,7.9,413,5.3,69,
2014,56,47,Lincoln,59.1,86,85,70,19.4,3.8,324,4.4,67,
2014,54,45,Liverpool,60.4,87,86,64,13.3,7.2,420,5.0,69,
2014,69,98,Liverpool John Moores,54.6,82,84,74,21.6,4.2,327,6.9,57,
2014,116,118,London Met,31.7,76,80,62,21.7,2.1,229,4.9,50,
2014,3,3,London School of Economics,90.7,87,84,72,11.1,8.2,542,6.2,82,
2014,113,104,London South Bank,39.4,79,80,68,23.7,3.9,242,4.1,59,
2014,14,11,Loughborough,76.3,89,89,74,16.9,6.7,411,5.7,71,
2014,31,41,Manchester,68.1,84,87,67,14.8,7.9,457,4.6,70,
2014,93,108,Manchester Met,48.2,80,82,69,19.4,3.0,333,5.3,55,
2014,103,94,Middlesex,44.5,74,78,67,23.0,7.4,250,5.7,52,
2014,27,33,Newcastle,69.6,88,88,67,15.3,5.8,438,5.9,76,
2014,91,101,Newman University College,49.1,87,88,77,18.4,3.2,309,4.1,51,
2014,47,86,Northampton,62.0,85,87,74,20.0,5.9,299,7.1,60,
2014,58,56,Northumbria,59.0,86,87,74,17.7,5.1,332,5.0,60,
2014,28,26,Nottingham,69.5,88,89,68,14.0,6.8,439,5.5,70,
2014,73,80,Nottingham Trent,53.7,81,82,67,20.0,4.6,322,5.2,59,
2014,2,2,Oxford,96.2,91,93,71,11.1,9.7,583,7.3,76,
2014,35,49,Oxford Brookes,66.2,85,88,71,17.3,5.9,353,6.8,64,
2014,59,62,Plymouth,58.1,88,89,70,16.8,5.9,315,6.0,60,
2014,48,78,Portsmouth,61.9,87,87,68,19.2,5.5,316,7.0,62,
2014,81,74,Queen Margaret,50.8,82,84,61,20.5,2.8,332,6.9,52,
2014,36,36,Queen Mary,65.8,86,87,68,12.2,6.7,417,5.1,72,
2014,49,53,"Queen's, Belfast",61.9,86,87,69,15.6,5.0,388,4.9,72,
2014,38,25,Reading,65.5,88,88,65,15.6,6.1,379,5.6,67,
2014,55,35,Robert Gordon,59.9,87,87,71,19.7,4.0,350,4.6,75,
2014,102,109,Roehampton,44.8,84,86,69,20.0,3.3,275,4.8,54,
2014,39,39,Royal Holloway,65.5,88,88,70,16.2,4.6,400,5.7,64,
2014,86,84,Salford,49.9,81,82,67,17.6,3.9,300,4.6,56,
2014,40,42,Sheffield,65.5,90,90,68,15.5,5.1,442,5.7,72,
2014,72,83,Sheffield Hallam,54.1,82,83,67,20.0,4.4,316,7.2,55,
2014,22,29,SOAS,71.1,84,89,60,11.8,7.0,437,7.2,67,
2014,24,23,Southampton,70.9,88,89,67,13.7,6.5,438,5.9,66,
2014,112,117,Southampton Solent,40.2,79,80,65,20.5,3.5,282,4.1,44,
2014,4,4,St Andrews,88.3,88,91,67,12.6,7.9,524,8.0,74,
2014,101,96,St Mark and St John,44.8,85,88,76,20.5,2.1,254,3.6,45,
2014,89,97,"St Mary's UC, Twickenham",49.3,89,89,73,25.0,3.0,297,4.8,58,
2014,92,96,Staffordshire,48.6,85,86,72,20.3,5.7,254,3.8,48,
2014,57,67,Stirling,59.1,88,89,70,18.3,4.7,374,4.5,62,
2014,26,34,Strathclyde,70.5,87,89,66,18.3,6.6,465,5.5,71,
2014,65,58,Sunderland,56.3,81,84,72,17.0,6.9,272,5.7,43,
2014,8,12,Surrey,81.1,91,90,73,16.6,7.8,418,6.7,69,
2014,50,28,Sussex,61.4,87,88,63,17.1,4.8,408,6.3,55,
2014,60,89,Swansea,57.5,86,87,65,16.1,5.1,360,4.9,69,
2014,75,79,Teesside,53.4,86,87,77,20.1,5.0,321,4.8,51,
2014,118,110,Trinity Saint David,31.2,75,82,65,21.3,4.1,241,2.0,50,
2014,98,114,UC Suffolk,46.2,79,86,74,20.7,,291,2.5,49,
2014,5,6,UCL,85.5,84,86,62,10.0,9.0,511,7.1,82,
2014,17,24,UEA,74.7,90,91,67,13.5,6.9,418,6.0,67,
2014,97,90,Ulster,46.3,85,84,70,18.6,3.8,284,4.9,54,
2014,53,31,University of the Arts London,61.1,61,71,64,22.4,9.0,317,6.0,53,
2014,64,54,UWE Bristol,56.5,83,86,66,21.7,3.2,322,7.8,64,
2014,10,5,Warwick,80.2,85,87,63,14.3,8.6,506,5.8,74,
2014,84,68,West London,50.1,79,84,72,21.6,6.1,234,4.5,50,
2014,106,107,West of Scotland,43.8,84,83,68,21.7,3.5,288,4.1,52,
2014,99,93,Westminster,46.0,75,77,63,20.8,4.1,326,6.4,55,
2014,66,87,Winchester,56.2,87,90,75,17.7,2.7,307,6.3,54,
2014,95,99,Worcester,47.7,80,82,69,23.6,4.5,282,6.5,58,
2014,16,17,York,75.3,89,91,72,15.5,7.2,458,5.4,68,
2014,94,100,York St John,47.8,83,86,68,20.9,5.9,301,4.5,51,
2013,38,45,Aberdeen,64.0,88,88,66,16.2,5.6,397,6.6,69,
2013,119,106,Abertay Dundee,30.2,,,,25.2,2.1,277,4.9,47,
2013,81,50,Aberystwyth,49.0,89,89,70,19.1,4.4,305,3.9,47,
2013,77,91,Anglia Ruskin,50.2,76,81,70,19.1,8.0,241,4.8,50,
2013,27,34,Aston,67.7,86,83,64,17.0,6.9,381,6.1,73,
2013,63,79,Bangor,54.4,86,88,71,19.1,5.5,293,4.5,55,
2013,9,14,Bath,75.8,91,89,66,17.1,5.5,459,6.8,76,
2013,71,65,Bath Spa,51.4,84,88,71,21.6,3.8,301,6.2,51,
2013,103,102,Bedfordshire,42.9,79,84,70,19.4,5.9,207,5.0,53,
2013,30,24,Birmingham,67.3,85,87,62,15.5,8.1,433,5.6,70,
2013,60,90,Birmingham City,54.7,80,83,71,21.1,5.7,280,7.0,60,
2013,120,116,Bolton,28.9,79,81,67,19.6,3.1,231,3.1,34,
2013,55,42,Bournemouth,56.3,70,76,60,20.4,6.9,325,7.3,62,
2013,91,86,Bradford,46.5,83,82,66,17.6,5.2,277,3.2,64,
2013,64,73,Brighton,54.3,83,84,67,18.6,4.6,289,6.0,49,
2013,18,25,Bristol,70.3,87,90,66,14.3,5.7,477,5.9,75,
2013,44,82,Brunel,62.5,85,83,72,18.0,6.1,342,5.7,57,
2013,16,114,Buckingham,71.6,93,91,79,10.5,3.6,269,1.7,74,
2013,116,112,Bucks New University,32.4,74,79,70,23.3,3.9,230,3.3,47,
2013,1,1,Cambridge,100.0,94,93,75,11.8,9.8,589,5.7,82,
2013,105,107,Canterbury Christ Church,40.9,82,84,67,17.6,3.3,255,5.2,59,
2013,40,39,Cardiff,63.3,86,87,60,14.4,6.2,431,4.9,74,
2013,66,67,Cardiff Met,53.8,82,82,71,19.9,4.6,271,4.8,48,
2013,72,69,Central Lancashire,51.4,82,82,70,18.5,5.8,295,4.0,52,
2013,52,80,Chester,58.9,84,86,72,16.6,4.1,282,5.6,63,
2013,61,58,Chichester,54.5,87,88,70,18.4,3.2,290,4.9,50,
2013,21,22,City,69.3,78,82,63,16.6,7.9,370,6.6,66,
2013,46,63,Coventry,61.6,85,87,73,15.4,3.4,285,7.1,63,
2013,102,89,Cumbria,43.0,75,82,65,17.2,4.1,263,5.0,59,
2013,85,93,De Montfort,48.4,84,83,70,18.1,3.5,284,4.3,52,
2013,70,94,Derby,52.3,81,85,71,18.1,4.7,273,4.7,48,
2013,43,26,Dundee,62.9,86,86,65,14.2,6.0,370,6.4,65,
2013,7,8,Durham,78.4,90,89,69,15.3,6.2,500,5.6,74,
2013,115,115,East London,34.7,81,82,69,23.7,3.3,195,3.8,45,
2013,75,78,Edge Hill,50.8,84,86,75,18.5,2.9,262,4.7,57,
2013,15,16,Edinburgh,72.5,85,87,52,13.9,8.7,471,6.8,71,
2013,73,52,Edinburgh Napier,51.1,83,83,66,23.6,3.7,290,7.5,62,
2013,50,39,Essex,59.0,88,86,68,15.9,6.8,324,4.6,50,
2013,10,11,Exeter,75.3,90,91,71,19.3,5.5,455,7.3,69,
2013,82,68,Glamorgan,49.0,81,82,68,20.5,4.5,286,6.0,49,
2013,14,21,Glasgow,73.0,90,91,65,15.3,6.7,459,5.6,74,
2013,92,74,Glasgow Caledonian,46.5,82,82,61,20.9,3.5,332,6.6,51,
2013,59,61,Gloucestershire,54.9,83,85,71,21.4,4.6,286,7.6,50,
2013,106,102,Glyndwr,40.4,79,85,74,21.0,3.3,211,4.5,61,
2013,65,62,Goldsmiths,54.0,83,86,67,17.7,3.4,341,6.3,48,
2013,88,99,Greenwich,47.8,84,86,72,22.1,4.5,252,,51,
2013,20,27,Heriot-Watt,69.9,86,86,67,18.8,7.4,383,6.5,71,
2013,76,72,Hertfordshire,50.6,83,82,66,19.8,4.0,295,7.7,56,
2013,48,53,Huddersfield,59.6,85,85,76,17.9,4.6,297,5.0,64,
2013,69,75,Hull,52.9,89,89,69,19.9,4.7,325,3.5,63,
2013,13,10,Imperial College,73.3,85,84,55,11.6,8.2,553,4.5,84,
2013,51,54,Keele,59.0,90,91,69,16.0,3.8,335,6.0,67,
2013,22,23,Kent,69.0,88,87,66,14.6,6.3,349,5.8,68,
2013,32,30,King's College London,67.2,84,88,60,11.7,6.9,456,5.9,76,
2013,95,92,Kingston,45.8,79,81,61,19.8,4.5,278,6.8,53,
2013,8,7,Lancaster,78.4,88,89,70,14.8,7.6,409,5.3,70,
2013,37,37,Leeds,64.1,86,88,65,15.7,5.6,412,5.9,70,
2013,112,102,Leeds Met,37.1,77,79,63,19.5,3.3,262,4.1,49,
2013,113,84,Leeds Trinity,36.8,83,85,73,23.9,2.0,264,1.9,62,
2013,19,17,Leicester,70.1,89,89,73,13.7,7.6,408,5.5,60,
2013,47,57,Lincoln,59.7,82,83,70,18.8,4.1,315,4.7,66,
2013,45,49,Liverpool,61.8,86,86,61,13.0,7.2,408,6.0,68,
2013,98,111,Liverpool John Moores,43.8,80,80,66,21.0,4.3,293,5.6,48,
2013,118,119,London Met,30.5,73,76,58,19.2,2.9,224,6.0,42,
2013,3,4,London School of Economics,93.9,84,82,68,11.8,8.6,526,6.8,82,
2013,104,100,London South Bank,41.8,77,80,62,22.4,4.5,215,5.5,56,
2013,11,9,Loughborough,74.6,88,87,71,17.0,6.6,391,5.3,69,
2013,41,41,Manchester,63.1,79,84,59,15.2,8.2,421,5.2,67,
2013,108,108,Manchester Met,39.4,75,78,63,19.1,3.0,291,4.8,52,
2013,94,75,Middlesex,46.1,79,80,69,21.9,7.5,219,5.5,48,
2013,33,31,Newcastle,67.1,89,89,66,15.3,5.9,425,5.3,73,
2013,101,97,Newman University College,43.4,81,87,72,18.0,3.6,239,3.1,59,
2013,111,114,Newport,38.8,76,81,72,24.8,4.1,259,3.0,46,
2013,86,63,Northampton,48.2,80,84,70,20.6,5.2,239,6.9,47,
2013,56,55,Northumbria,56.3,83,82,68,18.2,5.4,315,5.1,60,
2013,26,19,Nottingham,68.5,87,87,64,14.1,6.4,435,5.6,72,
2013,80,67,Nottingham Trent,49.5,79,78,62,19.5,4.9,301,4.3,56,
2013,2,2,Oxford,94.4,93,93,72,11.1,9.8,572,6.7,73,
2013,49,42,Oxford Brookes,59.6,82,85,66,16.7,5.5,323,7.1,60,
2013,62,47,Plymouth,54.5,80,83,63,16.6,6.6,300,5.8,59,
2013,78,85,Portsmouth,49.8,85,85,67,19.8,4.9,287,3.9,59,
2013,74,56,Queen Margaret,51.1,78,86,59,20.6,2.5,328,7.1,54,
2013,36,36,Queen Mary,64.9,88,86,68,13.1,7.0,394,4.7,68,
2013,53,50,"Queen's, Belfast",57.9,83,86,62,15.3,5.2,384,6.2,67,
2013,25,32,Reading,68.6,89,88,64,14.9,5.8,374,6.1,66,
2013,35,38,Robert Gordon,66.2,86,85,69,19.1,5.1,332,4.5,75,
2013,109,97,Roehampton,39.1,79,83,65,20.8,2.8,258,4.2,57,
2013,39,35,Royal Holloway,63.8,87,88,65,15.6,5.0,394,5.6,61,
2013,84,109,Salford,48.5,79,82,64,16.2,4.0,283,4.7,53,
2013,42,33,Sheffield,63.0,90,89,65,15.4,5.0,444,5.2,68,
2013,83,65,Sheffield Hallam,48.7,79,80,64,19.6,3.9,302,7.2,54,
2013,29,13,SOAS,67.5,86,86,62,11.3,7.2,410,6.9,59,
2013,23,28,Southampton,69.0,85,86,62,13.4,6.0,439,6.4,69,
2013,117,112,Southampton Solent,31.2,72,76,62,21.2,3.4,265,2.4,40,
2013,4,3,St Andrews,86.1,93,95,69,13.6,7.9,518,7.3,71,
2013,97,82,"St Mary's UC, Twickenham",44.2,87,89,69,23.3,2.4,264,4.2,57,
2013,96,77,Staffordshire,45.1,80,83,68,21.6,6.0,246,4.0,55,
2013,67,44,Stirling,53.7,88,88,70,20.5,4.5,332,4.9,56,
2013,34,29,Strathclyde,66.4,87,86,61,17.9,5.9,435,6.4,67,
2013,58,48,Sunderland,55.6,82,84,73,16.9,7.0,274,4.8,47,
2013,12,19,Surrey,73.5,87,87,69,17.9,7.5,394,6.1,69,
2013,28,11,Sussex,67.7,88,91,67,16.6,5.1,381,7.5,64,
2013,89,94,Swansea,47.8,82,82,61,16.4,4.2,342,4.9,61,
2013,79,60,Teesside,49.8,82,84,74,19.5,5.4,288,4.7,53,
2013,110,101,Trinity Saint David,38.9,81,84,66,18.8,4.3,246,2.4,43,
2013,57,46,UC Falmouth,55.6,75,81,70,23.1,6.5,264,5.5,50,
2013,114,117,UC Suffolk,36.2,74,81,69,19.0,,263,2.2,48,
2013,6,5,UCL,80.7,88,87,61,10.1,8.6,495,7.1,77,
2013,24,18,UEA,68.8,89,91,68,13.9,7.7,393,5.2,57,
2013,90,88,Ulster,47.8,82,80,62,16.5,4.1,282,6.3,45,
2013,31,46,University of the Arts London,67.2,69,77,67,17.4,8.9,302,6.2,53,
2013,54,59,UWE Bristol,57.2,83,85,67,20.8,3.8,298,6.7,62,
2013,5,6,Warwick,82.1,88,89,62,14.5,8.6,496,6.4,73,
2013,68,110,West London,53.4,76,78,67,21.0,7.0,229,4.0,49,
2013,107,118,West of Scotland,39.6,82,83,65,22.2,3.6,272,3.7,56,
2013,93,87,Westminster,46.2,74,75,61,18.4,4.2,290,6.4,53,
2013,87,69,Winchester,48.0,81,86,67,18.5,2.7,285,5.8,47,
2013,99,105,Worcester,43.8,84,85,71,21.5,4.2,282,5.1,52,
2013,17,15,York,71.3,87,89,68,15.6,6.8,450,4.9,67,
2013,100,96,York St John,43.8,84,87,71,21.4,5.4,281,3.7,50,
